Delta [slots]	Adversarial Stake [%/100]	Bound	Number of Blocks	Probability of Failure
0.01	0.025	LB	1     	0.07437114834992582
0.01	0.025	LB	2     	0.006659632128662294
0.01	0.025	LB	3     	0.001692182379911661
0.01	0.025	LB	4     	0.0002688179267338871
0.01	0.025	LB	5     	3.579533970209996e-05
0.01	0.025	LB	6     	6.767117400517208e-06
0.01	0.025	LB	7     	1.239073847794218e-06
0.01	0.025	LB	8     	1.988356988850987e-07
0.01	0.025	LB	9     	3.403582039323406e-08
0.01	0.025	LB	10    	6.057319462652638e-09
0.01	0.025	LB	11    	1.034282747372453e-09
0.01	0.025	LB	12    	1.764649299620067e-10
0.01	0.025	LB	13    	3.069779384777958e-11
0.01	0.025	LB	14    	5.307017036803733e-12
0.01	0.025	LB	15    	9.120574501590818e-13
0.01	0.025	LB	16    	1.575454993786784e-13
0.01	0.025	LB	17    	2.723794995425811e-14
0.01	0.025	LB	18    	4.697491828205103e-15
0.01	0.025	LB	19    	8.105938215782402e-16
0.01	0.025	LB	20    	1.400040245826273e-16
0.01	0.025	LB	21    	2.41676595216863e-17
0.01	0.025	LB	22    	4.171075754546227e-18
0.01	0.025	LB	23    	7.201158589475873e-19
0.01	0.025	LB	24    	1.243208524823052e-19
0.01	0.025	LB	25    	2.146002886954464e-20
0.01	0.025	LB	26    	3.704619828602664e-21
0.01	0.025	LB	27    	6.395468682931743e-22
0.01	0.025	LB	28    	1.104038523533159e-22
0.01	0.025	LB	29    	1.905881286881561e-23
0.01	0.025	LB	30    	3.29014647646253e-24
0.01	0.025	LB	31    	5.679787163229025e-25
0.01	0.025	LB	32    	9.804974879692711e-26
0.01	0.025	LB	33    	1.692633405933777e-26
0.01	0.025	LB	34    	2.921995689610769e-27
0.01	0.025	LB	35    	5.044232269145304e-28
0.01	0.025	LB	36    	8.707843179748585e-29
0.01	0.025	LB	37    	1.503232744926037e-29
0.01	0.025	LB	38    	2.595023700820395e-30
0.01	0.025	LB	39    	4.479773306055627e-31
0.01	0.025	LB	40    	7.733401492070513e-32
0.01	0.025	UB	1     	0.07484542280031523
0.01	0.025	UB	2     	0.006728442644571833
0.01	0.025	UB	3     	0.001701077358763277
0.01	0.025	UB	4     	0.0002710631310887542
0.01	0.025	UB	5     	3.628609305800803e-05
0.01	0.025	UB	6     	6.850080482291301e-06
0.01	0.025	UB	7     	1.254665851566015e-06
0.01	0.025	UB	8     	2.019981566456734e-07
0.01	0.025	UB	9     	3.462350844582047e-08
0.01	0.025	UB	10    	6.164620002466491e-09
0.01	0.025	UB	11    	1.054552684423303e-09
0.01	0.025	UB	12    	1.80243025693212e-10
0.01	0.025	UB	13    	3.138865823897888e-11
0.01	0.025	UB	14    	5.433956634639002e-12
0.01	0.025	UB	15    	9.353815692739386e-13
0.01	0.025	UB	16    	1.61796063099569e-13
0.01	0.025	UB	17    	2.801056254987561e-14
0.01	0.025	UB	18    	4.837873072919483e-15
0.01	0.025	UB	19    	8.360196318667964e-16
0.01	0.025	UB	20    	1.445964354749908e-16
0.01	0.025	UB	21    	2.4996043481832e-17
0.01	0.025	UB	22    	4.320245627463756e-18
0.01	0.025	UB	23    	7.469255757537038e-19
0.01	0.025	UB	24    	1.291323310935531e-19
0.01	0.025	UB	25    	2.232241270692695e-20
0.01	0.025	UB	26    	3.858976952089665e-21
0.01	0.025	UB	27    	6.6714099681784e-22
0.01	0.025	UB	28    	1.153313990156484e-22
0.01	0.025	UB	29    	1.993779891021118e-23
0.01	0.025	UB	30    	3.446783517092545e-24
0.01	0.025	UB	31    	5.958658549697478e-25
0.01	0.025	UB	32    	1.030103312845983e-25
0.01	0.025	UB	33    	1.780798894555455e-26
0.01	0.025	UB	34    	3.078571151202911e-27
0.01	0.025	UB	35    	5.322092976769969e-28
0.01	0.025	UB	36    	9.200590839263149e-29
0.01	0.025	UB	37    	1.590556336164292e-29
0.01	0.025	UB	38    	2.749678394762861e-30
0.01	0.025	UB	39    	4.753509530356824e-31
0.01	0.025	UB	40    	8.217631103276633e-32
0.01	0.050	LB	1     	0.1473920956591821
0.01	0.050	LB	2     	0.025771590070744
0.01	0.050	LB	3     	0.008328793013098367
0.01	0.050	LB	4     	0.002263973441290816
0.01	0.050	LB	5     	0.0005540752750864086
0.01	0.050	LB	6     	0.0001567093607360193
0.01	0.050	LB	7     	4.562242379484548e-05
0.01	0.050	LB	8     	1.266349487285598e-05
0.01	0.050	LB	9     	3.547119965028538e-06
0.01	0.050	LB	10    	1.013262612454459e-06
0.01	0.050	LB	11    	2.879428474924975e-07
0.01	0.050	LB	12    	8.153304851655242e-08
0.01	0.050	LB	13    	2.318447955091368e-08
0.01	0.050	LB	14    	6.601094792759062e-09
0.01	0.050	LB	15    	1.877436166934868e-09
0.01	0.050	LB	16    	5.341426318613519e-10
0.01	0.050	LB	17    	1.520674318571026e-10
0.01	0.050	LB	18    	4.329154981779701e-11
0.01	0.050	LB	19    	1.232393065129877e-11
0.01	0.050	LB	20    	3.508815987944803e-12
0.01	0.050	LB	21    	9.990877230916364e-13
0.01	0.050	LB	22    	2.844757468447411e-13
0.01	0.050	LB	23    	8.100235394141893e-14
0.01	0.050	LB	24    	2.306554743097723e-14
0.01	0.050	LB	25    	6.568018877269375e-15
0.01	0.050	LB	26    	1.870284499415464e-15
0.01	0.050	LB	27    	5.325802713023908e-16
0.01	0.050	LB	28    	1.516579637000583e-16
0.01	0.050	LB	29    	4.318637088057108e-17
0.01	0.050	LB	30    	1.229785794186058e-17
0.01	0.050	LB	31    	3.501977487190096e-18
0.01	0.050	LB	32    	9.972359037252996e-19
0.01	0.050	LB	33    	2.839768398524007e-19
0.01	0.050	LB	34    	8.086643652060627e-20
0.01	0.050	LB	35    	2.302787753888395e-20
0.01	0.050	LB	36    	6.557519559955563e-21
0.01	0.050	LB	37    	1.867347967550189e-21
0.01	0.050	LB	38    	5.31754028870725e-22
0.01	0.050	LB	39    	1.514244842627993e-22
0.01	0.050	LB	40    	4.312023435374034e-23
0.01	0.050	UB	1     	0.1478396173144348
0.01	0.050	UB	2     	0.02589661819238182
0.01	0.050	UB	3     	0.008359959822328181
0.01	0.050	UB	4     	0.002274701871988664
0.01	0.050	UB	5     	0.0005578482129172142
0.01	0.050	UB	6     	0.0001578566018862461
0.01	0.050	UB	7     	4.596992910970072e-05
0.01	0.050	UB	8     	1.277377172948725e-05
0.01	0.050	UB	9     	3.581477441627709e-06
0.01	0.050	UB	10    	1.023729268547761e-06
0.01	0.050	UB	11    	2.911428195939828e-07
0.01	0.050	UB	12    	8.251153101591294e-08
0.01	0.050	UB	13    	2.348127544140996e-08
0.01	0.050	UB	14    	6.690734752649494e-09
0.01	0.050	UB	15    	1.904467245766466e-09
0.01	0.050	UB	16    	5.422691661784545e-10
0.01	0.050	UB	17    	1.545027574546387e-10
0.01	0.050	UB	18    	4.401973925096569e-11
0.01	0.050	UB	19    	1.254122483412537e-11
0.01	0.050	UB	20    	3.573520321879187e-12
0.01	0.050	UB	21    	1.018318677042178e-12
0.01	0.050	UB	22    	2.901819377942761e-13
0.01	0.050	UB	23    	8.269282061517675e-14
0.01	0.050	UB	24    	2.35656101128279e-14
0.01	0.050	UB	25    	6.715743640012956e-15
0.01	0.050	UB	26    	1.913869217239307e-15
0.01	0.050	UB	27    	5.454242827954489e-16
0.01	0.050	UB	28    	1.554387869392262e-16
0.01	0.050	UB	29    	4.429815995103101e-17
0.01	0.050	UB	30    	1.262447264558514e-17
0.01	0.050	UB	31    	3.59784051620319e-18
0.01	0.050	UB	32    	1.025347904414677e-18
0.01	0.050	UB	33    	2.922140202428089e-19
0.01	0.050	UB	34    	8.327817834888781e-20
0.01	0.050	UB	35    	2.37334899941571e-20
0.01	0.050	UB	36    	6.763820522185254e-21
0.01	0.050	UB	37    	1.92762487885316e-21
0.01	0.050	UB	38    	5.493547092433235e-22
0.01	0.050	UB	39    	1.565607756949797e-22
0.01	0.050	UB	40    	4.461827527477167e-23
0.01	0.075	LB	1     	0.2189533658844136
0.01	0.075	LB	2     	0.05604724288403807
0.01	0.075	LB	3     	0.02180299989911567
0.01	0.075	LB	4     	0.007912654174343305
0.01	0.075	LB	5     	0.002696462965163303
0.01	0.075	LB	6     	0.000991642906042179
0.01	0.075	LB	7     	0.0003761184779237447
0.01	0.075	LB	8     	0.0001402983467289086
0.01	0.075	LB	9     	5.242548031876011e-05
0.01	0.075	LB	10    	1.979159123207333e-05
0.01	0.075	LB	11    	7.48136596449934e-06
0.01	0.075	LB	12    	2.825889905045227e-06
0.01	0.075	LB	13    	1.069180194393976e-06
0.01	0.075	LB	14    	4.050782188323653e-07
0.01	0.075	LB	15    	1.53519451471008e-07
0.01	0.075	LB	16    	5.820032639810012e-08
0.01	0.075	LB	17    	2.20737192746391e-08
0.01	0.075	LB	18    	8.374138770622076e-09
0.01	0.075	LB	19    	3.177384054512777e-09
0.01	0.075	LB	20    	1.205759105172247e-09
0.01	0.075	LB	21    	4.576176708489611e-10
0.01	0.075	LB	22    	1.736921548240746e-10
0.01	0.075	LB	23    	6.593018202538673e-11
0.01	0.075	LB	24    	2.502709756681523e-11
0.01	0.075	LB	25    	9.500661571198389e-12
0.01	0.075	LB	26    	3.606701141180122e-12
0.01	0.075	LB	27    	1.369230857352575e-12
0.01	0.075	LB	28    	5.198179805221686e-13
0.01	0.075	LB	29    	1.973477650452089e-13
0.01	0.075	LB	30    	7.492349698628165e-14
0.01	0.075	LB	31    	2.844511816691778e-14
0.01	0.075	LB	32    	1.079942149942732e-14
0.01	0.075	LB	33    	4.100111086064702e-15
0.01	0.075	LB	34    	1.556655868903913e-15
0.01	0.075	LB	35    	5.910048455531314e-16
0.01	0.075	LB	36    	2.243833153742363e-16
0.01	0.075	LB	37    	8.519044348500103e-17
0.01	0.075	LB	38    	3.234385255171345e-17
0.01	0.075	LB	39    	1.227984690483619e-17
0.01	0.075	LB	40    	4.662236502682142e-18
0.01	0.075	UB	1     	0.2193730922152005
0.01	0.075	UB	2     	0.0562169213478839
0.01	0.075	UB	3     	0.02186423522762344
0.01	0.075	UB	4     	0.007939005999948229
0.01	0.075	UB	5     	0.002708417604291098
0.01	0.075	UB	6     	0.0009966204688390636
0.01	0.075	UB	7     	0.0003781349212778
0.01	0.075	UB	8     	0.0001411332156735061
0.01	0.075	UB	9     	5.277036561103594e-05
0.01	0.075	UB	10    	1.993202675398696e-05
0.01	0.075	UB	11    	7.538340859204872e-06
0.01	0.075	UB	12    	2.848987907092444e-06
0.01	0.075	UB	13    	1.078505245401119e-06
0.01	0.075	UB	14    	4.088274615008328e-07
0.01	0.075	UB	15    	1.550229762387991e-07
0.01	0.075	UB	16    	5.880179453098329e-08
0.01	0.075	UB	17    	2.23137100644238e-08
0.01	0.075	UB	18    	8.469679818452144e-09
0.01	0.075	UB	19    	3.215343488319336e-09
0.01	0.075	UB	20    	1.220812456434111e-09
0.01	0.075	UB	21    	4.635768038051866e-10
0.01	0.075	UB	22    	1.760473817865945e-10
0.01	0.075	UB	23    	6.685964856989197e-11
0.01	0.075	UB	24    	2.539339046414677e-11
0.01	0.075	UB	25    	9.644825897371935e-12
0.01	0.075	UB	26    	3.663371974558645e-12
0.01	0.075	UB	27    	1.391482776695204e-12
0.01	0.075	UB	28    	5.28545924680683e-13
0.01	0.075	UB	29    	2.007677264310352e-13
0.01	0.075	UB	30    	7.626231316986016e-14
0.01	0.075	UB	31    	2.896876047673423e-14
0.01	0.075	UB	32    	1.100405849697827e-14
0.01	0.075	UB	33    	4.180018882042252e-15
0.01	0.075	UB	34    	1.587835292277143e-15
0.01	0.075	UB	35    	6.03162166639142e-16
0.01	0.075	UB	36    	2.291204340004288e-16
0.01	0.075	UB	37    	8.703508395721073e-17
0.01	0.075	UB	38    	3.30617192212562e-17
0.01	0.075	UB	39    	1.25590517569545e-17
0.01	0.075	UB	40    	4.770769278657503e-18
0.01	0.100	LB	1     	0.2889333189996316
0.01	0.100	LB	2     	0.09621122537726146
0.01	0.100	LB	3     	0.04345070436182275
0.01	0.100	LB	4     	0.01916176807764378
0.01	0.100	LB	5     	0.008143521781221796
0.01	0.100	LB	6     	0.003623026441055867
0.01	0.100	LB	7     	0.001654191171520078
0.01	0.100	LB	8     	0.0007525426610856907
0.01	0.100	LB	9     	0.0003429075618846164
0.01	0.100	LB	10    	0.0001572550463640148
0.01	0.100	LB	11    	7.231326606027902e-05
0.01	0.100	LB	12    	3.328112384239518e-05
0.01	0.100	LB	13    	1.533805402936451e-05
0.01	0.100	LB	14    	7.077897414428178e-06
0.01	0.100	LB	15    	3.268700236224702e-06
0.01	0.100	LB	16    	1.510394138396204e-06
0.01	0.100	LB	17    	6.982695413758921e-07
0.01	0.100	LB	18    	3.229433237420547e-07
0.01	0.100	LB	19    	1.494016420883571e-07
0.01	0.100	LB	20    	6.913283222665249e-08
0.01	0.100	LB	21    	3.199591517674726e-08
0.01	0.100	LB	22    	1.481047693566497e-08
0.01	0.100	LB	23    	6.856375655399209e-09
0.01	0.100	LB	24    	3.174398108414468e-09
0.01	0.100	LB	25    	1.469811149293762e-09
0.01	0.100	LB	26    	6.805947541502986e-10
0.01	0.100	LB	27    	3.151646111496722e-10
0.01	0.100	LB	28    	1.459499673543136e-10
0.01	0.100	LB	29    	6.75903914628156e-11
0.01	0.100	LB	30    	3.130240072760973e-11
0.01	0.100	LB	31    	1.449705860156663e-11
0.01	0.100	LB	32    	6.714133157597135e-12
0.01	0.100	LB	33    	3.109613290495064e-12
0.01	0.100	LB	34    	1.440217309411186e-12
0.01	0.100	LB	35    	6.670431320990011e-13
0.01	0.100	LB	36    	3.08946487301277e-13
0.01	0.100	LB	37    	1.430920143272807e-13
0.01	0.100	LB	38    	6.627500444728938e-14
0.01	0.100	LB	39    	3.069629011061054e-14
0.01	0.100	LB	40    	1.421750414725678e-14
0.01	0.100	UB	1     	0.2893243293251607
0.01	0.100	UB	2     	0.09641475409469406
0.01	0.100	UB	3     	0.04354524171947777
0.01	0.100	UB	4     	0.01921008848980663
0.01	0.100	UB	5     	0.008169579412077792
0.01	0.100	UB	6     	0.003636371223811215
0.01	0.100	UB	7     	0.001660813987566799
0.01	0.100	UB	8     	0.000755853848590593
0.01	0.100	UB	9     	0.0003445647138791409
0.01	0.100	UB	10    	0.00015807699656131
0.01	0.100	UB	11    	7.27189078237694e-05
0.01	0.100	UB	12    	3.34809308134064e-05
0.01	0.100	UB	13    	1.543618244619682e-05
0.01	0.100	UB	14    	7.125927959698439e-06
0.01	0.100	UB	15    	3.292146641038283e-06
0.01	0.100	UB	16    	1.521813136786284e-06
0.01	0.100	UB	17    	7.038183850431841e-07
0.01	0.100	UB	18    	3.256340554878537e-07
0.01	0.100	UB	19    	1.507039683506223e-07
0.01	0.100	UB	20    	6.976206792518917e-08
0.01	0.100	UB	21    	3.229944502367707e-08
0.01	0.100	UB	22    	1.495667232960343e-08
0.01	0.100	UB	23    	6.926691930416243e-09
0.01	0.100	UB	24    	3.208174077606992e-09
0.01	0.100	UB	25    	1.486015283158104e-09
0.01	0.100	UB	26    	6.883597874823426e-10
0.01	0.100	UB	27    	3.188815969682094e-10
0.01	0.100	UB	28    	1.477274136372368e-10
0.01	0.100	UB	29    	6.843954401946889e-11
0.01	0.100	UB	30    	3.170770598177618e-11
0.01	0.100	UB	31    	1.469034788170732e-11
0.01	0.100	UB	32    	6.80623798334532e-12
0.01	0.100	UB	33    	3.153468846700175e-12
0.01	0.100	UB	34    	1.4610839071584e-12
0.01	0.100	UB	35    	6.769646781869621e-13
0.01	0.100	UB	36    	3.13660844874421e-13
0.01	0.100	UB	37    	1.453307090072207e-13
0.01	0.100	UB	38    	6.733745609169208e-14
0.01	0.100	UB	39    	3.120022838408894e-14
0.01	0.100	UB	40    	1.445640103324061e-14
0.01	0.125	LB	1     	0.3571964132836268
0.01	0.125	LB	2     	0.1449979579979009
0.01	0.125	LB	3     	0.07409641668329936
0.01	0.125	LB	4     	0.03779844061192199
0.01	0.125	LB	5     	0.01889021215561753
0.01	0.125	LB	6     	0.009730211754115864
0.01	0.125	LB	7     	0.005117702969626896
0.01	0.125	LB	8     	0.002697529521058003
0.01	0.125	LB	9     	0.00142545715785789
0.01	0.125	LB	10    	0.0007568840912311192
0.01	0.125	LB	11    	0.0004031080673031818
0.01	0.125	LB	12    	0.0002150420252720514
0.01	0.125	LB	13    	0.0001148875891976882
0.01	0.125	LB	14    	6.146149048809312e-05
0.01	0.125	LB	15    	3.291291744737146e-05
0.01	0.125	LB	16    	1.763847851969072e-05
0.01	0.125	LB	17    	9.458642016866426e-06
0.01	0.125	LB	18    	5.074792642873737e-06
0.01	0.125	LB	19    	2.723858976165396e-06
0.01	0.125	LB	20    	1.462492903454347e-06
0.01	0.125	LB	21    	7.854523424940628e-07
0.01	0.125	LB	22    	4.21931273519317e-07
0.01	0.125	LB	23    	2.2669515826647e-07
0.01	0.125	LB	24    	1.218169425318586e-07
0.01	0.125	LB	25    	6.546767974951517e-08
0.01	0.125	LB	26    	3.518770067520825e-08
0.01	0.125	LB	27    	1.89143762273901e-08
0.01	0.125	LB	28    	1.016773433193967e-08
0.01	0.125	LB	29    	5.466159472985722e-09
0.01	0.125	LB	30    	2.938746501522719e-09
0.01	0.125	LB	31    	1.580011198327765e-09
0.01	0.125	LB	32    	8.495197849109529e-10
0.01	0.125	LB	33    	4.567722229738253e-10
0.01	0.125	LB	34    	2.456047085156794e-10
0.01	0.125	LB	35    	1.320634965111514e-10
0.01	0.125	LB	36    	7.101278577627203e-11
0.01	0.125	LB	37    	3.818534691262333e-11
0.01	0.125	LB	38    	2.053346873497668e-11
0.01	0.125	LB	39    	1.10416099206942e-11
0.01	0.125	LB	40    	5.937535354633464e-12
0.01	0.125	UB	1     	0.3575579226617638
0.01	0.125	UB	2     	0.1452253013951381
0.01	0.125	UB	3     	0.074223835764616
0.01	0.125	UB	4     	0.0378732060109717
0.01	0.125	UB	5     	0.01893613735685503
0.01	0.125	UB	6     	0.00975754555647349
0.01	0.125	UB	7     	0.005133495995401942
0.01	0.125	UB	8     	0.00270664728469064
0.01	0.125	UB	9     	0.001430724298722028
0.01	0.125	UB	10    	0.0007599086631621243
0.01	0.125	UB	11    	0.0004048364552124091
0.01	0.125	UB	12    	0.0002160272150888423
0.01	0.125	UB	13    	0.0001154477177253292
0.01	0.125	UB	14    	6.177905179009197e-05
0.01	0.125	UB	15    	3.309250581345669e-05
0.01	0.125	UB	16    	1.7739817568901e-05
0.01	0.125	UB	17    	9.515709379299545e-06
0.01	0.125	UB	18    	5.106867998705069e-06
0.01	0.125	UB	19    	2.741855815606518e-06
0.01	0.125	UB	20    	1.472574302030871e-06
0.01	0.125	UB	21    	7.910912313074698e-07
0.01	0.125	UB	22    	4.250808941318714e-07
0.01	0.125	UB	23    	2.284520903632339e-07
0.01	0.125	UB	24    	1.227958005134195e-07
0.01	0.125	UB	25    	6.601241425536127e-08
0.01	0.125	UB	26    	3.549051774779486e-08
0.01	0.125	UB	27    	1.908254038947271e-08
0.01	0.125	UB	28    	1.026103167813715e-08
0.01	0.125	UB	29    	5.517873819268881e-09
0.01	0.125	UB	30    	2.967386967255775e-09
0.01	0.125	UB	31    	1.595859990712198e-09
0.01	0.125	UB	32    	8.58283286199753e-10
0.01	0.125	UB	33    	4.616144093298246e-10
0.01	0.125	UB	34    	2.482783519723141e-10
0.01	0.125	UB	35    	1.335387896075142e-10
0.01	0.125	UB	36    	7.182632712118116e-11
0.01	0.125	UB	37    	3.863370003736462e-11
0.01	0.125	UB	38    	2.078042038562041e-11
0.01	0.125	UB	39    	1.11775557718482e-11
0.01	0.125	UB	40    	6.012333820818244e-12
0.01	0.150	LB	1     	0.4235911609524683
0.01	0.150	LB	2     	0.2011475534099533
0.01	0.150	LB	3     	0.1140960905117838
0.01	0.150	LB	4     	0.06530956191868653
0.01	0.150	LB	5     	0.03701256230351169
0.01	0.150	LB	6     	0.02143107437695804
0.01	0.150	LB	7     	0.01261894303354145
0.01	0.150	LB	8     	0.007464788656045207
0.01	0.150	LB	9     	0.00443037953408541
0.01	0.150	LB	10    	0.002640244817705584
0.01	0.150	LB	11    	0.001578221387661953
0.01	0.150	LB	12    	0.0009452895424610034
0.01	0.150	LB	13    	0.00056712446084124
0.01	0.150	LB	14    	0.0003407266449653537
0.01	0.150	LB	15    	0.0002049400363655115
0.01	0.150	LB	16    	0.000123379274116788
0.01	0.150	LB	17    	7.433314537911213e-05
0.01	0.150	LB	18    	4.481170615572081e-05
0.01	0.150	LB	19    	2.702849151857773e-05
0.01	0.150	LB	20    	1.63093015743436e-05
0.01	0.150	LB	21    	9.844680911258879e-06
0.01	0.150	LB	22    	5.944232103102432e-06
0.01	0.150	LB	23    	3.590022974077043e-06
0.01	0.150	LB	24    	2.168648639562695e-06
0.01	0.150	LB	25    	1.31026069693213e-06
0.01	0.150	LB	26    	7.917556565424807e-07
0.01	0.150	LB	27    	4.784977070248641e-07
0.01	0.150	LB	28    	2.892115387217398e-07
0.01	0.150	LB	29    	1.74820182505618e-07
0.01	0.150	LB	30    	1.056822167524522e-07
0.01	0.150	LB	31    	6.389130095826035e-08
0.01	0.150	LB	32    	3.862841081004703e-08
0.01	0.150	LB	33    	2.335574291721282e-08
0.01	0.150	LB	34    	1.412209823544712e-08
0.01	0.150	LB	35    	8.539272404012544e-09
0.01	0.150	LB	36    	5.163644967020208e-09
0.01	0.150	LB	37    	3.122509917747474e-09
0.01	0.150	LB	38    	1.888259009293322e-09
0.01	0.150	LB	39    	1.14190020857982e-09
0.01	0.150	LB	40    	6.905614550243896e-10
0.01	0.150	UB	1     	0.4239225361131113
0.01	0.150	UB	2     	0.2013894441928551
0.01	0.150	UB	3     	0.1142531288333422
0.01	0.150	UB	4     	0.06541280143048396
0.01	0.150	UB	5     	0.03708290512609984
0.01	0.150	UB	6     	0.02147806829095342
0.01	0.150	UB	7     	0.0126495215619969
0.01	0.150	UB	8     	0.007484578816850855
0.01	0.150	UB	9     	0.004443178053428254
0.01	0.150	UB	10    	0.002648484608494086
0.01	0.150	UB	11    	0.001583502951750735
0.01	0.150	UB	12    	0.000948665523291722
0.01	0.150	UB	13    	0.0005692771752327476
0.01	0.150	UB	14    	0.0003420959231191113
0.01	0.150	UB	15    	0.0002058089906484102
0.01	0.150	UB	16    	0.00012392958768518
0.01	0.150	UB	17    	7.468100508726936e-05
0.01	0.150	UB	18    	4.503120788061786e-05
0.01	0.150	UB	19    	2.716677510245737e-05
0.01	0.150	UB	20    	1.639628880254764e-05
0.01	0.150	UB	21    	9.899324365558591e-06
0.01	0.150	UB	22    	5.978513519713037e-06
0.01	0.150	UB	23    	3.611503923034497e-06
0.01	0.150	UB	24    	2.182093451794625e-06
0.01	0.150	UB	25    	1.318666746187335e-06
0.01	0.150	UB	26    	7.970060489094122e-07
0.01	0.150	UB	27    	4.8177396983864e-07
0.01	0.150	UB	28    	2.912541013750698e-07
0.01	0.150	UB	29    	1.760925205577347e-07
0.01	0.150	UB	30    	1.064741331812868e-07
0.01	0.150	UB	31    	6.438382079272176e-08
0.01	0.150	UB	32    	3.89345029549841e-08
0.01	0.150	UB	33    	2.354584204582137e-08
0.01	0.150	UB	34    	1.424008190152953e-08
0.01	0.150	UB	35    	8.612452140258685e-09
0.01	0.150	UB	36    	5.209007727577391e-09
0.01	0.150	UB	37    	3.150613357243003e-09
0.01	0.150	UB	38    	1.905660312519668e-09
0.01	0.150	UB	39    	1.152669239566115e-09
0.01	0.150	UB	40    	6.972226730683632e-10
0.01	0.175	LB	1     	0.4879477120849523
0.01	0.175	LB	2     	0.2634009796629355
0.01	0.175	LB	3     	0.1633767214526227
0.01	0.175	LB	4     	0.102775591714312
0.01	0.175	LB	5     	0.06444257597332799
0.01	0.175	LB	6     	0.04106505144186848
0.01	0.175	LB	7     	0.02652550047854981
0.01	0.175	LB	8     	0.01722893028215631
0.01	0.175	LB	9     	0.01123228831075664
0.01	0.175	LB	10    	0.007350161578633485
0.01	0.175	LB	11    	0.004824011958596894
0.01	0.175	LB	12    	0.003172927631449959
0.01	0.175	LB	13    	0.002090609383536556
0.01	0.175	LB	14    	0.001379517568676706
0.01	0.175	LB	15    	0.0009114065880108887
0.01	0.175	LB	16    	0.0006027464781705532
0.01	0.175	LB	17    	0.0003989537449939901
0.01	0.175	LB	18    	0.0002642514123035249
0.01	0.175	LB	19    	0.0001751339493328533
0.01	0.175	LB	20    	0.0001161292040140014
0.01	0.175	LB	21    	7.703668686703806e-05
0.01	0.175	LB	22    	5.112241898749167e-05
0.01	0.175	LB	23    	3.393594860741614e-05
0.01	0.175	LB	24    	2.253327148044056e-05
0.01	0.175	LB	25    	1.496539061004702e-05
0.01	0.175	LB	26    	9.941176794769735e-06
0.01	0.175	LB	27    	6.604833926618374e-06
0.01	0.175	LB	28    	4.388847653253711e-06
0.01	0.175	LB	29    	2.916722869073754e-06
0.01	0.175	LB	30    	1.938601921315213e-06
0.01	0.175	LB	31    	1.288619454511761e-06
0.01	0.175	LB	32    	8.566391474039652e-07
0.01	0.175	LB	33    	5.695130513230236e-07
0.01	0.175	LB	34    	3.786499771082993e-07
0.01	0.175	LB	35    	2.517660499757819e-07
0.01	0.175	LB	36    	1.674088117507496e-07
0.01	0.175	LB	37    	1.113214112240731e-07
0.01	0.175	LB	38    	7.40279957339745e-08
0.01	0.175	LB	39    	4.922980539938456e-08
0.01	0.175	LB	40    	3.273959269218738e-08
0.01	0.175	UB	1     	0.4882484897783257
0.01	0.175	UB	2     	0.2636489297498401
0.01	0.175	UB	3     	0.1635579981079907
0.01	0.175	UB	4     	0.1029066947098894
0.01	0.175	UB	5     	0.06453986147869746
0.01	0.175	UB	6     	0.04113631721152598
0.01	0.175	UB	7     	0.02657652036664496
0.01	0.175	UB	8     	0.01726516739138498
0.01	0.175	UB	9     	0.01125796994924443
0.01	0.175	UB	10    	0.007368291989365316
0.01	0.175	UB	11    	0.004836760380716415
0.01	0.175	UB	12    	0.003181866048522593
0.01	0.175	UB	13    	0.002096861612912765
0.01	0.175	UB	14    	0.001383880881080641
0.01	0.175	UB	15    	0.0009144451820567774
0.01	0.175	UB	16    	0.0006048584741372874
0.01	0.175	UB	17    	0.0004004191222918705
0.01	0.175	UB	18    	0.0002652664937825384
0.01	0.175	UB	19    	0.0001758360542420426
0.01	0.175	UB	20    	0.0001166141598593042
0.01	0.175	UB	21    	7.73712242022975e-05
0.01	0.175	UB	22    	5.135291688320279e-05
0.01	0.175	UB	23    	3.409458500554555e-05
0.01	0.175	UB	24    	2.264233566745458e-05
0.01	0.175	UB	25    	1.504029923846329e-05
0.01	0.175	UB	26    	9.992578347350888e-06
0.01	0.175	UB	27    	6.640074061266968e-06
0.01	0.175	UB	28    	4.41298759314145e-06
0.01	0.175	UB	29    	2.933245944068805e-06
0.01	0.175	UB	30    	1.949902975745226e-06
0.01	0.175	UB	31    	1.296343352522907e-06
0.01	0.175	UB	32    	8.619145850239994e-07
0.01	0.175	UB	33    	5.731138491997602e-07
0.01	0.175	UB	34    	3.811062139434248e-07
0.01	0.175	UB	35    	2.534405496944344e-07
0.01	0.175	UB	36    	1.685497301314189e-07
0.01	0.175	UB	37    	1.120983545377866e-07
0.01	0.175	UB	38    	7.455680528504708e-08
0.01	0.175	UB	39    	4.95895495850919e-08
0.01	0.175	UB	40    	3.298420684964833e-08
0.01	0.200	LB	1     	0.5500749854606871
0.01	0.200	LB	2     	0.3304943172800893
0.01	0.200	LB	3     	0.2214724664246143
0.01	0.200	LB	4     	0.1507939879339967
0.01	0.200	LB	5     	0.1027637133640034
0.01	0.200	LB	6     	0.07092623772599188
0.01	0.200	LB	7     	0.04949675565474791
0.01	0.200	LB	8     	0.03473706307016064
0.01	0.200	LB	9     	0.02447268706553363
0.01	0.200	LB	10    	0.01730109113144666
0.01	0.200	LB	11    	0.01226561215062646
0.01	0.200	LB	12    	0.008714757559112716
0.01	0.200	LB	13    	0.006202932811718396
0.01	0.200	LB	14    	0.004421727913278562
0.01	0.200	LB	15    	0.003155994339399359
0.01	0.200	LB	16    	0.002254979858327621
0.01	0.200	LB	17    	0.001612653121132443
0.01	0.200	LB	18    	0.001154179295290756
0.01	0.200	LB	19    	0.0008265922097787313
0.01	0.200	LB	20    	0.000592317547654781
0.01	0.200	LB	21    	0.0004246481838274944
0.01	0.200	LB	22    	0.0003045697847275909
0.01	0.200	LB	23    	0.0002185260042998524
0.01	0.200	LB	24    	0.0001568403184308158
0.01	0.200	LB	25    	0.0001125986319686356
0.01	0.200	LB	26    	8.085638975023214e-05
0.01	0.200	LB	27    	5.807490718240319e-05
0.01	0.200	LB	28    	4.172002070103815e-05
0.01	0.200	LB	29    	2.997593004814022e-05
0.01	0.200	LB	30    	2.154093666933173e-05
0.01	0.200	LB	31    	1.548149671531694e-05
0.01	0.200	LB	32    	1.112785213116857e-05
0.01	0.200	LB	33    	7.999340299876471e-06
0.01	0.200	LB	34    	5.750908924602705e-06
0.01	0.200	LB	35    	4.134794704271607e-06
0.01	0.200	LB	36    	2.973053464416468e-06
0.01	0.200	LB	37    	2.1378606667015e-06
0.01	0.200	LB	38    	1.537379097899238e-06
0.01	0.200	LB	39    	1.105617147291468e-06
0.01	0.200	LB	40    	7.951487664050646e-07
0.01	0.200	UB	1     	0.5503448936732178
0.01	0.200	UB	2     	0.3307406368082736
0.01	0.200	UB	3     	0.2216711276742324
0.01	0.200	UB	4     	0.150949805264436
0.01	0.200	UB	5     	0.1028879404234637
0.01	0.200	UB	6     	0.07102435964905635
0.01	0.200	UB	7     	0.04957272188492529
0.01	0.200	UB	8     	0.03479533326466564
0.01	0.200	UB	9     	0.02451723027672755
0.01	0.200	UB	10    	0.01733501413282365
0.01	0.200	UB	11    	0.01229135052158461
0.01	0.200	UB	12    	0.008734229641953408
0.01	0.200	UB	13    	0.006217629421092208
0.01	0.200	UB	14    	0.004432796150624143
0.01	0.200	UB	15    	0.003164313295381509
0.01	0.200	UB	16    	0.002261221068209988
0.01	0.200	UB	17    	0.001617327764727796
0.01	0.200	UB	18    	0.001157675259983077
0.01	0.200	UB	19    	0.0008292030307799457
0.01	0.200	UB	20    	0.0005942648164481656
0.01	0.200	UB	21    	0.0004260988080696303
0.01	0.200	UB	22    	0.0003056492296075401
0.01	0.200	UB	23    	0.0002193284108880155
0.01	0.200	UB	24    	0.0001574362073426263
0.01	0.200	UB	25    	0.0001130407499652795
0.01	0.200	UB	26    	8.118413458902601e-05
0.01	0.200	UB	27    	5.831766815581375e-05
0.01	0.200	UB	28    	4.189969500169934e-05
0.01	0.200	UB	29    	3.010881454576327e-05
0.01	0.200	UB	30    	2.163914758380656e-05
0.01	0.200	UB	31    	1.555403326442177e-05
0.01	0.200	UB	32    	1.118139224357183e-05
0.01	0.200	UB	33    	8.038835063420165e-06
0.01	0.200	UB	34    	5.780026106908392e-06
0.01	0.200	UB	35    	4.156249269489565e-06
0.01	0.200	UB	36    	2.988853602451035e-06
0.01	0.200	UB	37    	2.149490739504788e-06
0.01	0.200	UB	38    	1.545935543219921e-06
0.01	0.200	UB	39    	1.111909342372088e-06
0.01	0.200	UB	40    	7.997738202180662e-07
0.01	0.225	LB	1     	0.6097572428208966
0.01	0.225	LB	2     	0.4011519047488455
0.01	0.225	LB	3     	0.2875569766772018
0.01	0.225	LB	4     	0.2094277638548765
0.01	0.225	LB	5     	0.153035165556891
0.01	0.225	LB	6     	0.1129797540903717
0.01	0.225	LB	7     	0.08416766497542615
0.01	0.225	LB	8     	0.06303822732656301
0.01	0.225	LB	9     	0.04739091660518432
0.01	0.225	LB	10    	0.03574197784406614
0.01	0.225	LB	11    	0.02702773883981198
0.01	0.225	LB	12    	0.02048158625876804
0.01	0.225	LB	13    	0.01554822076463728
0.01	0.225	LB	14    	0.01182071982903999
0.01	0.225	LB	15    	0.008998231786991821
0.01	0.225	LB	16    	0.006857097720917645
0.01	0.225	LB	17    	0.005230308334094557
0.01	0.225	LB	18    	0.003992666287603756
0.01	0.225	LB	19    	0.003050009389651862
0.01	0.225	LB	20    	0.002331323724828075
0.01	0.225	LB	21    	0.001782928661372501
0.01	0.225	LB	22    	0.001364165240379947
0.01	0.225	LB	23    	0.001044184780626926
0.01	0.225	LB	24    	0.000799547460773978
0.01	0.225	LB	25    	0.0006124203912481116
0.01	0.225	LB	26    	0.0004692215326315316
0.01	0.225	LB	27    	0.0003595965675327616
0.01	0.225	LB	28    	0.0002756452970817636
0.01	0.225	LB	29    	0.0002113356089277446
0.01	0.225	LB	30    	0.0001620588177021174
0.01	0.225	LB	31    	0.0001242918001891259
0.01	0.225	LB	32    	9.533996308046506e-05
0.01	0.225	LB	33    	7.314149663236733e-05
0.01	0.225	LB	34    	5.611816281192834e-05
0.01	0.225	LB	35    	4.306146255427451e-05
0.01	0.225	LB	36    	3.304573114321193e-05
0.01	0.225	LB	37    	2.536174957681983e-05
0.01	0.225	LB	38    	1.946600016359646e-05
0.01	0.225	LB	39    	1.494186054789789e-05
0.01	0.225	LB	40    	1.146991433562363e-05
0.01	0.225	UB	1     	0.6099962254129816
0.01	0.225	UB	2     	0.4013897302641255
0.01	0.225	UB	3     	0.2877652730269162
0.01	0.225	UB	4     	0.2096029260401187
0.01	0.225	UB	5     	0.1531836299679404
0.01	0.225	UB	6     	0.1131046072134272
0.01	0.225	UB	7     	0.08427082143120468
0.01	0.225	UB	8     	0.06312261366998488
0.01	0.225	UB	9     	0.04745964059688512
0.01	0.225	UB	10    	0.03579773122025355
0.01	0.225	UB	11    	0.02707280546236403
0.01	0.225	UB	12    	0.02051790841237702
0.01	0.225	UB	13    	0.01557742538577111
0.01	0.225	UB	14    	0.01184415185165469
0.01	0.225	UB	15    	0.009016995986456817
0.01	0.225	UB	16    	0.006872097744254168
0.01	0.225	UB	17    	0.00524228029802488
0.01	0.225	UB	18    	0.004002207644221948
0.01	0.225	UB	19    	0.003057603528241022
0.01	0.225	UB	20    	0.002337360666510523
0.01	0.225	UB	21    	0.001787722310818973
0.01	0.225	UB	22    	0.001367967677440028
0.01	0.225	UB	23    	0.00104719803305843
0.01	0.225	UB	24    	0.0008019331520295514
0.01	0.225	UB	25    	0.0006143076114839835
0.01	0.225	UB	26    	0.0004707132354169189
0.01	0.225	UB	27    	0.0003607747510058557
0.01	0.225	UB	28    	0.0002765751882885363
0.01	0.225	UB	29    	0.0002120690344865268
0.01	0.225	UB	30    	0.000162636912896691
0.01	0.225	UB	31    	0.0001247471819672307
0.01	0.225	UB	32    	9.569846989816783e-05
0.01	0.225	UB	33    	7.342357920773802e-05
0.01	0.225	UB	34    	5.633999416966207e-05
0.01	0.225	UB	35    	4.32358228018046e-05
0.01	0.225	UB	36    	3.318271179742124e-05
0.01	0.225	UB	37    	2.546931358216752e-05
0.01	0.225	UB	38    	1.955042667889928e-05
0.01	0.225	UB	39    	1.500809784857263e-05
0.01	0.225	UB	40    	1.152185954265111e-05
2.00	0.025	LB	1     	0.07658760172782232
2.00	0.025	LB	2     	0.007175715811226546
2.00	0.025	LB	3     	0.001750567823746833
2.00	0.025	LB	4     	0.0002935869573881464
2.00	0.025	LB	5     	4.133676078031586e-05
2.00	0.025	LB	6     	7.637851305762635e-06
2.00	0.025	LB	7     	1.431698944990598e-06
2.00	0.025	LB	8     	2.413868894117974e-07
2.00	0.025	LB	9     	4.191846819213128e-08
2.00	0.025	LB	10    	7.563673398677476e-09
2.00	0.025	LB	11    	1.335168727612622e-09
2.00	0.025	LB	12    	2.33872331441014e-10
2.00	0.025	LB	13    	4.14618611786887e-11
2.00	0.025	LB	14    	7.351621674709581e-12
2.00	0.025	LB	15    	1.297575568149359e-12
2.00	0.025	LB	16    	2.293715148819977e-13
2.00	0.025	LB	17    	4.060891193880178e-14
2.00	0.025	LB	18    	7.1825272047055e-15
2.00	0.025	LB	19    	1.2700223182241e-15
2.00	0.025	LB	20    	2.246837492171737e-16
2.00	0.025	LB	21    	3.974901669219545e-17
2.00	0.025	LB	22    	7.030705088687981e-18
2.00	0.025	LB	23    	1.243664485574598e-18
2.00	0.025	LB	24    	2.200063191653137e-19
2.00	0.025	LB	25    	3.891781496462983e-20
2.00	0.025	LB	26    	6.884266767419955e-21
2.00	0.025	LB	27    	1.21780230469278e-21
2.00	0.025	LB	28    	2.154246393136164e-22
2.00	0.025	LB	29    	3.810751373380834e-23
2.00	0.025	LB	30    	6.741047551239604e-24
2.00	0.025	LB	31    	1.192464045520725e-24
2.00	0.025	LB	32    	2.109416682851131e-25
2.00	0.025	LB	33    	3.731464407699894e-26
2.00	0.025	LB	34    	6.600800271895776e-27
2.00	0.025	LB	35    	1.167652833406514e-27
2.00	0.025	LB	36    	2.065525638239867e-28
2.00	0.025	LB	37    	3.653821340555461e-29
2.00	0.025	LB	38    	6.463441489909765e-30
2.00	0.025	LB	39    	1.143352165017038e-30
2.00	0.025	LB	40    	2.022534379660625e-31
2.00	0.025	UB	1     	0.1669483401864958
2.00	0.025	UB	2     	0.03014671176612595
2.00	0.025	UB	3     	0.006909393937938692
2.00	0.025	UB	4     	0.001616441955192282
2.00	0.025	UB	5     	0.000378129135082792
2.00	0.025	UB	6     	8.938938148962664e-05
2.00	0.025	UB	7     	2.121637022764769e-05
2.00	0.025	UB	8     	5.042115036480778e-06
2.00	0.025	UB	9     	1.199582259693156e-06
2.00	0.025	UB	10    	2.855925550563029e-07
2.00	0.025	UB	11    	6.801794638782664e-08
2.00	0.025	UB	12    	1.620307098787022e-08
2.00	0.025	UB	13    	3.860393511804001e-09
2.00	0.025	UB	14    	9.198184935645348e-10
2.00	0.025	UB	15    	2.191769026477673e-10
2.00	0.025	UB	16    	5.222771743518984e-11
2.00	0.025	UB	17    	1.244559570473777e-11
2.00	0.025	UB	18    	2.965756582148979e-12
2.00	0.025	UB	19    	7.067381248447427e-13
2.00	0.025	UB	20    	1.68416068357868e-13
2.00	0.025	UB	21    	4.013375219978646e-14
2.00	0.025	UB	22    	9.563938489732322e-15
2.00	0.025	UB	23    	2.279104629460703e-15
2.00	0.025	UB	24    	5.431153177426838e-16
2.00	0.025	UB	25    	1.294255522756606e-16
2.00	0.025	UB	26    	3.084239671357722e-17
2.00	0.025	UB	27    	7.349812912002043e-18
2.00	0.025	UB	28    	1.751477229205456e-18
2.00	0.025	UB	29    	4.173810576946249e-19
2.00	0.025	UB	30    	9.946287147181764e-20
2.00	0.025	UB	31    	2.370223294948905e-20
2.00	0.025	UB	32    	5.648297174827454e-21
2.00	0.025	UB	33    	1.34600235212207e-21
2.00	0.025	UB	34    	3.207554927435068e-22
2.00	0.025	UB	35    	7.643678064196554e-23
2.00	0.025	UB	36    	1.821506281643075e-23
2.00	0.025	UB	37    	4.340691890607008e-24
2.00	0.025	UB	38    	1.034396987441888e-24
2.00	0.025	UB	39    	2.464992113977689e-25
2.00	0.025	UB	40    	5.874133621554183e-26
2.00	0.050	LB	1     	0.1517442448647511
2.00	0.050	LB	2     	0.02769306508637956
2.00	0.050	LB	3     	0.008797928635090041
2.00	0.050	LB	4     	0.00248983622908027
2.00	0.050	LB	5     	0.0006388006269735272
2.00	0.050	LB	6     	0.0001818451739966615
2.00	0.050	LB	7     	5.394689341185399e-05
2.00	0.050	LB	8     	1.552770992284411e-05
2.00	0.050	LB	9     	4.465719179246651e-06
2.00	0.050	LB	10    	1.303281025426657e-06
2.00	0.050	LB	11    	3.806082556815752e-07
2.00	0.050	LB	12    	1.108354541727952e-07
2.00	0.050	LB	13    	3.233164499625919e-08
2.00	0.050	LB	14    	9.447237838858837e-09
2.00	0.050	LB	15    	2.760176986502268e-09
2.00	0.050	LB	16    	8.064358304834723e-10
2.00	0.050	LB	17    	2.357108742109034e-10
2.00	0.050	LB	18    	6.890878457570399e-11
2.00	0.050	LB	19    	2.014561788314667e-11
2.00	0.050	LB	20    	5.890023766623571e-12
2.00	0.050	LB	21    	1.72221930933206e-12
2.00	0.050	LB	22    	5.03588953604915e-13
2.00	0.050	LB	23    	1.472562094338166e-13
2.00	0.050	LB	24    	4.306076636333305e-14
2.00	0.050	LB	25    	1.259209733759933e-14
2.00	0.050	LB	26    	3.682301320454193e-15
2.00	0.050	LB	27    	1.076823190038761e-15
2.00	0.050	LB	28    	3.149000227179514e-16
2.00	0.050	LB	29    	9.208805214205024e-17
2.00	0.050	LB	30    	2.692994771548921e-17
2.00	0.050	LB	31    	7.87533441826536e-18
2.00	0.050	LB	32    	2.303050558963562e-18
2.00	0.050	LB	33    	6.735016140227118e-19
2.00	0.050	LB	34    	1.969583127246339e-19
2.00	0.050	LB	35    	5.759839047584e-20
2.00	0.050	LB	36    	1.684405324882055e-20
2.00	0.050	LB	37    	4.925870266894061e-21
2.00	0.050	LB	38    	1.440520138720813e-21
2.00	0.050	LB	39    	4.212652181601779e-22
2.00	0.050	LB	40    	1.231946044735738e-22
2.00	0.050	UB	1     	0.2370057565679993
2.00	0.050	UB	2     	0.06117780736515029
2.00	0.050	UB	3     	0.02012772290897907
2.00	0.050	UB	4     	0.006690586236106796
2.00	0.050	UB	5     	0.002216523382573504
2.00	0.050	UB	6     	0.0007474591528302581
2.00	0.050	UB	7     	0.0002539894576966816
2.00	0.050	UB	8     	8.648535595436285e-05
2.00	0.050	UB	9     	2.951465997622916e-05
2.00	0.050	UB	10    	1.008978667671109e-05
2.00	0.050	UB	11    	3.452679806285514e-06
2.00	0.050	UB	12    	1.1822742658912e-06
2.00	0.050	UB	13    	4.050303226519803e-07
2.00	0.050	UB	14    	1.388029035086808e-07
2.00	0.050	UB	15    	4.757803905395988e-08
2.00	0.050	UB	16    	1.631107470593893e-08
2.00	0.050	UB	17    	5.592506418134808e-09
2.00	0.050	UB	18    	1.917626739032625e-09
2.00	0.050	UB	19    	6.575752799267587e-10
2.00	0.050	UB	20    	2.254985734939862e-10
2.00	0.050	UB	21    	7.733109596275263e-11
2.00	0.050	UB	22    	2.651997617309909e-11
2.00	0.050	UB	23    	9.094906659679842e-12
2.00	0.050	UB	24    	3.119089051816929e-12
2.00	0.050	UB	25    	1.069696243427896e-12
2.00	0.050	UB	26    	3.668558478235441e-13
2.00	0.050	UB	27    	1.258148962949526e-13
2.00	0.050	UB	28    	4.31489136521649e-14
2.00	0.050	UB	29    	1.479818742373635e-14
2.00	0.050	UB	30    	5.07513733801175e-15
2.00	0.050	UB	31    	1.740554082037343e-15
2.00	0.050	UB	32    	5.969357220702717e-16
2.00	0.050	UB	33    	2.047235718925799e-16
2.00	0.050	UB	34    	7.021150810404927e-17
2.00	0.050	UB	35    	2.407957823795775e-17
2.00	0.050	UB	36    	8.258278769058823e-18
2.00	0.050	UB	37    	2.832241394440851e-18
2.00	0.050	UB	38    	9.713394737220993e-19
2.00	0.050	UB	39    	3.331285403655821e-19
2.00	0.050	UB	40    	1.142490682196783e-19
2.00	0.075	LB	1     	0.2253428806237691
2.00	0.075	LB	2     	0.06006107288911324
2.00	0.075	LB	3     	0.023276809389648
2.00	0.075	LB	4     	0.008733292984627024
2.00	0.075	LB	5     	0.003100335674010248
2.00	0.075	LB	6     	0.001159724078581485
2.00	0.075	LB	7     	0.0004487107790174557
2.00	0.075	LB	8     	0.0001725465084553221
2.00	0.075	LB	9     	6.628081055662755e-05
2.00	0.075	LB	10    	2.563911485944465e-05
2.00	0.075	LB	11    	9.949044002322496e-06
2.00	0.075	LB	12    	3.861613267893092e-06
2.00	0.075	LB	13    	1.500266237556565e-06
2.00	0.075	LB	14    	5.835779683968958e-07
2.00	0.075	LB	15    	2.271517706561149e-07
2.00	0.075	LB	16    	8.845014202815159e-08
2.00	0.075	LB	17    	3.445414507549106e-08
2.00	0.075	LB	18    	1.342506640234583e-08
2.00	0.075	LB	19    	5.232157202252233e-09
2.00	0.075	LB	20    	2.039443581772343e-09
2.00	0.075	LB	21    	7.950550581697952e-10
2.00	0.075	LB	22    	3.099740112039817e-10
2.00	0.075	LB	23    	1.208608449134769e-10
2.00	0.075	LB	24    	4.712715831939253e-11
2.00	0.075	LB	25    	1.837710030305542e-11
2.00	0.075	LB	26    	7.166358111712004e-12
2.00	0.075	LB	27    	2.794682062879539e-12
2.00	0.075	LB	28    	1.089873516142422e-12
2.00	0.075	LB	29    	4.250377960389224e-13
2.00	0.075	LB	30    	1.657620621767014e-13
2.00	0.075	LB	31    	6.464688343148712e-14
2.00	0.075	LB	32    	2.521238343496151e-14
2.00	0.075	LB	33    	9.832937438998379e-15
2.00	0.075	LB	34    	3.834909097373675e-15
2.00	0.075	LB	35    	1.495645902683636e-15
2.00	0.075	LB	36    	5.833161435877527e-16
2.00	0.075	LB	37    	2.274994561246634e-16
2.00	0.075	LB	38    	8.872736804301615e-17
2.00	0.075	LB	39    	3.460472960789922e-17
2.00	0.075	LB	40    	1.349626925185493e-17
2.00	0.075	UB	1     	0.3052403900816904
2.00	0.075	UB	2     	0.1016186702208774
2.00	0.075	UB	3     	0.04176823228858068
2.00	0.075	UB	4     	0.01737277445381832
2.00	0.075	UB	5     	0.007215626439246035
2.00	0.075	UB	6     	0.003051783314584774
2.00	0.075	UB	7     	0.001302653404658662
2.00	0.075	UB	8     	0.0005577570044074962
2.00	0.075	UB	9     	0.0002394983246491806
2.00	0.075	UB	10    	0.0001030817640767286
2.00	0.075	UB	11    	4.443442560938533e-05
2.00	0.075	UB	12    	1.917425568130728e-05
2.00	0.075	UB	13    	8.280663265787596e-06
2.00	0.075	UB	14    	3.578221191299776e-06
2.00	0.075	UB	15    	1.54687850829096e-06
2.00	0.075	UB	16    	6.68935886999912e-07
2.00	0.075	UB	17    	2.893458385686648e-07
2.00	0.075	UB	18    	1.251781369218336e-07
2.00	0.075	UB	19    	5.416253601560622e-08
2.00	0.075	UB	20    	2.343767071357556e-08
2.00	0.075	UB	21    	1.014294590901772e-08
2.00	0.075	UB	22    	4.389750852741673e-09
2.00	0.075	UB	23    	1.899921285054551e-09
2.00	0.075	UB	24    	8.223310089820153e-10
2.00	0.075	UB	25    	3.559340253282479e-10
2.00	0.075	UB	26    	1.54064088632425e-10
2.00	0.075	UB	27    	6.66868701001441e-11
2.00	0.075	UB	28    	2.886587071830264e-11
2.00	0.075	UB	29    	1.2494911347077e-11
2.00	0.075	UB	30    	5.4086009849818e-12
2.00	0.075	UB	31    	2.341203831842278e-12
2.00	0.075	UB	32    	1.013433991298087e-12
2.00	0.075	UB	33    	4.386854486350506e-13
2.00	0.075	UB	34    	1.898944076673364e-13
2.00	0.075	UB	35    	8.220004264570533e-14
2.00	0.075	UB	36    	3.558218620108577e-14
2.00	0.075	UB	37    	1.540259056800017e-14
2.00	0.075	UB	38    	6.667382141302016e-15
2.00	0.075	UB	39    	2.886139101648235e-15
2.00	0.075	UB	40    	1.249336497055263e-15
2.00	0.100	LB	1     	0.2972431923157502
2.00	0.100	LB	2     	0.1028169877585094
2.00	0.100	LB	3     	0.04663699341840814
2.00	0.100	LB	4     	0.02117550981831771
2.00	0.100	LB	5     	0.009329628917131665
2.00	0.100	LB	6     	0.004239638602642776
2.00	0.100	LB	7     	0.00197679115633881
2.00	0.100	LB	8     	0.0009241241283455752
2.00	0.100	LB	9     	0.0004325060536628653
2.00	0.100	LB	10    	0.0002033478924853223
2.00	0.100	LB	11    	9.592053605242805e-05
2.00	0.100	LB	12    	4.531409825339202e-05
2.00	0.100	LB	13    	2.143313781740302e-05
2.00	0.100	LB	14    	1.014978359939106e-05
2.00	0.100	LB	15    	4.810840936089805e-06
2.00	0.100	LB	16    	2.281746077751437e-06
2.00	0.100	LB	17    	1.082776208833095e-06
2.00	0.100	LB	18    	5.140356643913153e-07
2.00	0.100	LB	19    	2.441132227089306e-07
2.00	0.100	LB	20    	1.159583027742052e-07
2.00	0.100	LB	21    	5.50937768976638e-08
2.00	0.100	LB	22    	2.618037890082308e-08
2.00	0.100	LB	23    	1.244250485112962e-08
2.00	0.100	LB	24    	5.914077351972487e-09
2.00	0.100	LB	25    	2.811283400273864e-09
2.00	0.100	LB	26    	1.33645271351311e-09
2.00	0.100	LB	27    	6.35372119714743e-10
2.00	0.100	LB	28    	3.020811638841259e-10
2.00	0.100	LB	29    	1.436270703652921e-10
2.00	0.100	LB	30    	6.829093398444161e-11
2.00	0.100	LB	31    	3.247142824374152e-11
2.00	0.100	LB	32    	1.544007019861384e-11
2.00	0.100	LB	33    	7.34184162379869e-12
2.00	0.100	LB	34    	3.491139765268471e-12
2.00	0.100	LB	35    	1.660102123867586e-12
2.00	0.100	LB	36    	7.89417550984454e-13
2.00	0.100	LB	37    	3.753897144124753e-13
2.00	0.100	LB	38    	1.785093302210086e-13
2.00	0.100	LB	39    	8.48871350180892e-14
2.00	0.100	LB	40    	4.036684074388474e-14
2.00	0.100	UB	1     	0.3715467964345697
2.00	0.100	UB	2     	0.1501866313622769
2.00	0.100	UB	3     	0.07240396611517436
2.00	0.100	UB	4     	0.03542384645228108
2.00	0.100	UB	5     	0.01735284606073326
2.00	0.100	UB	6     	0.008641547292589204
2.00	0.100	UB	7     	0.004344797342407539
2.00	0.100	UB	8     	0.002193166400971937
2.00	0.100	UB	9     	0.001110673915054622
2.00	0.100	UB	10    	0.0005639931306540561
2.00	0.100	UB	11    	0.000286935589215637
2.00	0.100	UB	12    	0.000146182810957908
2.00	0.100	UB	13    	7.455422194893967e-05
2.00	0.100	UB	14    	3.805435951859081e-05
2.00	0.100	UB	15    	1.943611981809524e-05
2.00	0.100	UB	16    	9.931761150836029e-06
2.00	0.100	UB	17    	5.077011680878061e-06
2.00	0.100	UB	18    	2.596088954103718e-06
2.00	0.100	UB	19    	1.327800891323972e-06
2.00	0.100	UB	20    	6.792458562880926e-07
2.00	0.100	UB	21    	3.475242074402041e-07
2.00	0.100	UB	22    	1.778255274023045e-07
2.00	0.100	UB	23    	9.100051766835408e-08
2.00	0.100	UB	24    	4.65721428856821e-08
2.00	0.100	UB	25    	2.383607518650307e-08
2.00	0.100	UB	26    	1.220012612938933e-08
2.00	0.100	UB	27    	6.244689644875715e-09
2.00	0.100	UB	28    	3.196473407505416e-09
2.00	0.100	UB	29    	1.636222689250251e-09
2.00	0.100	UB	30    	8.375730576952972e-10
2.00	0.100	UB	31    	4.287560540857501e-10
2.00	0.100	UB	32    	2.194844428242278e-10
2.00	0.100	UB	33    	1.123574891672562e-10
2.00	0.100	UB	34    	5.751805866670667e-11
2.00	0.100	UB	35    	2.944486712990516e-11
2.00	0.100	UB	36    	1.507362041584808e-11
2.00	0.100	UB	37    	7.716629824067985e-12
2.00	0.100	UB	38    	3.950385560181756e-12
2.00	0.100	UB	39    	2.022333186756817e-12
2.00	0.100	UB	40    	1.035302053954352e-12
2.00	0.125	LB	1     	0.3672896766750781
2.00	0.125	LB	2     	0.1545215467125677
2.00	0.125	LB	3     	0.07971342077341319
2.00	0.125	LB	4     	0.04175258225443063
2.00	0.125	LB	5     	0.02154837434968011
2.00	0.125	LB	6     	0.01135345086237421
2.00	0.125	LB	7     	0.006100935360271759
2.00	0.125	LB	8     	0.003297538479919869
2.00	0.125	LB	9     	0.001787263737986953
2.00	0.125	LB	10    	0.0009724154985140238
2.00	0.125	LB	11    	0.0005307463101156959
2.00	0.125	LB	12    	0.0002902648777111794
2.00	0.125	LB	13    	0.0001589868023974727
2.00	0.125	LB	14    	8.719559202894187e-05
2.00	0.125	LB	15    	4.787276087874435e-05
2.00	0.125	LB	16    	2.63053220231753e-05
2.00	0.125	LB	17    	1.446401685225698e-05
2.00	0.125	LB	18    	7.957400930629762e-06
2.00	0.125	LB	19    	4.379722258491325e-06
2.00	0.125	LB	20    	2.411454232709551e-06
2.00	0.125	LB	21    	1.328128990896905e-06
2.00	0.125	LB	22    	7.31657240551312e-07
2.00	0.125	LB	23    	4.031465613552772e-07
2.00	0.125	LB	24    	2.221729608747775e-07
2.00	0.125	LB	25    	1.22456050348912e-07
2.00	0.125	LB	26    	6.750254142729334e-08
2.00	0.125	LB	27    	3.721367873296696e-08
2.00	0.125	LB	28    	2.051733129484268e-08
2.00	0.125	LB	29    	1.131277787847345e-08
2.00	0.125	LB	30    	6.237966641710095e-09
2.00	0.125	LB	31    	3.439840351915265e-09
2.00	0.125	LB	32    	1.896931585274311e-09
2.00	0.125	LB	33    	1.046117368154683e-09
2.00	0.125	LB	34    	5.769287494833122e-10
2.00	0.125	LB	35    	3.181815547214252e-10
2.00	0.125	LB	36    	1.754838671644988e-10
2.00	0.125	LB	37    	9.678484365598598e-11
2.00	0.125	LB	38    	5.338069935997309e-11
2.00	0.125	LB	39    	2.944197100004003e-11
2.00	0.125	LB	40    	1.623881469154877e-11
2.00	0.125	UB	1     	0.4358069529308509
2.00	0.125	UB	2     	0.2056228552390122
2.00	0.125	UB	3     	0.1121897003719919
2.00	0.125	UB	4     	0.06223880041895617
2.00	0.125	UB	5     	0.03464949493183525
2.00	0.125	UB	6     	0.01957016965713672
2.00	0.125	UB	7     	0.01115645935596302
2.00	0.125	UB	8     	0.006388890735804228
2.00	0.125	UB	9     	0.003671484958591498
2.00	0.125	UB	10    	0.002115957102091943
2.00	0.125	UB	11    	0.001222082361297037
2.00	0.125	UB	12    	0.0007069631787586208
2.00	0.125	UB	13    	0.0004094926827950824
2.00	0.125	UB	14    	0.0002374284523614866
2.00	0.125	UB	15    	0.0001377734797146348
2.00	0.125	UB	16    	7.999722775414088e-05
2.00	0.125	UB	17    	4.647362516096555e-05
2.00	0.125	UB	18    	2.700957854329235e-05
2.00	0.125	UB	19    	1.570271998379726e-05
2.00	0.125	UB	20    	9.131683303378782e-06
2.00	0.125	UB	21    	5.311584202238006e-06
2.00	0.125	UB	22    	3.090132927442681e-06
2.00	0.125	UB	23    	1.79802620492814e-06
2.00	0.125	UB	24    	1.046331199793977e-06
2.00	0.125	UB	25    	6.089579230558501e-07
2.00	0.125	UB	26    	3.544399692754306e-07
2.00	0.125	UB	27    	2.0631419137175e-07
2.00	0.125	UB	28    	1.200995395514624e-07
2.00	0.125	UB	29    	6.991576845919395e-08
2.00	0.125	UB	30    	4.070304897343499e-08
2.00	0.125	UB	31    	2.369702507709579e-08
2.00	0.125	UB	32    	1.379664065053401e-08
2.00	0.125	UB	33    	8.032735828329027e-09
2.00	0.125	UB	34    	4.676947865185388e-09
2.00	0.125	UB	35    	2.723134351686283e-09
2.00	0.125	UB	36    	1.585557216302285e-09
2.00	0.125	UB	37    	9.232091151515609e-10
2.00	0.125	UB	38    	5.375547808690125e-10
2.00	0.125	UB	39    	3.130034683361696e-10
2.00	0.125	UB	40    	1.822547071606616e-10
2.00	0.150	LB	1     	0.4353093864339998
2.00	0.150	LB	2     	0.2137535660463689
2.00	0.150	LB	3     	0.1227903032334437
2.00	0.150	LB	4     	0.07201969335869615
2.00	0.150	LB	5     	0.04201375812078115
2.00	0.150	LB	6     	0.02488523081806015
2.00	0.150	LB	7     	0.01496845905202517
2.00	0.150	LB	8     	0.009064405241319552
2.00	0.150	LB	9     	0.005509401272630885
2.00	0.150	LB	10    	0.003360722444398747
2.00	0.150	LB	11    	0.002056266287306155
2.00	0.150	LB	12    	0.0012609205042534
2.00	0.150	LB	13    	0.0007745305735898466
2.00	0.150	LB	14    	0.0004764375415062963
2.00	0.150	LB	15    	0.0002934159155980066
2.00	0.150	LB	16    	0.0001808748533174772
2.00	0.150	LB	17    	0.0001115874717890994
2.00	0.150	LB	18    	6.888697276708211e-05
2.00	0.150	LB	19    	4.254960802793172e-05
2.00	0.150	LB	20    	2.62936952436965e-05
2.00	0.150	LB	21    	1.625448593495822e-05
2.00	0.150	LB	22    	1.005157645007713e-05
2.00	0.150	LB	23    	6.217457614152419e-06
2.00	0.150	LB	24    	3.846726281485588e-06
2.00	0.150	LB	25    	2.380425677279949e-06
2.00	0.150	LB	26    	1.473297305444557e-06
2.00	0.150	LB	27    	9.119858914838186e-07
2.00	0.150	LB	28    	5.645975252127616e-07
2.00	0.150	LB	29    	3.495710576715908e-07
2.00	0.150	LB	30    	2.164568152058492e-07
2.00	0.150	LB	31    	1.340420150259516e-07
2.00	0.150	LB	32    	8.301181311540294e-08
2.00	0.150	LB	33    	5.141196046078879e-08
2.00	0.150	LB	34    	3.18427340829873e-08
2.00	0.150	LB	35    	1.972311636484627e-08
2.00	0.150	LB	36    	1.221679285175447e-08
2.00	0.150	LB	37    	7.567513338159689e-09
2.00	0.150	LB	38    	4.687719409358859e-09
2.00	0.150	LB	39    	2.903894357277749e-09
2.00	0.150	LB	40    	1.798909771368816e-09
2.00	0.150	UB	1     	0.4978884100979931
2.00	0.150	UB	2     	0.2666879891738288
2.00	0.150	UB	3     	0.1609030513300101
2.00	0.150	UB	4     	0.09877657615940535
2.00	0.150	UB	5     	0.06095001605305727
2.00	0.150	UB	6     	0.03808238729091919
2.00	0.150	UB	7     	0.02400153180345254
2.00	0.150	UB	8     	0.01519940287709177
2.00	0.150	UB	9     	0.009659981258204043
2.00	0.150	UB	10    	0.006157450398613593
2.00	0.150	UB	11    	0.003933773533958783
2.00	0.150	UB	12    	0.002517585621793767
2.00	0.150	UB	13    	0.001613515963308876
2.00	0.150	UB	14    	0.001035282021465643
2.00	0.150	UB	15    	0.0006648856732208703
2.00	0.150	UB	16    	0.0004273311932566647
2.00	0.150	UB	17    	0.0002748230766071828
2.00	0.150	UB	18    	0.0001768340725122574
2.00	0.150	UB	19    	0.0001138321582403156
2.00	0.150	UB	20    	7.330261022684561e-05
2.00	0.150	UB	21    	4.721762395164735e-05
2.00	0.150	UB	22    	3.042273633347844e-05
2.00	0.150	UB	23    	1.960580600553399e-05
2.00	0.150	UB	24    	1.263715029213536e-05
2.00	0.150	UB	25    	8.146662639121562e-06
2.00	0.150	UB	26    	5.25250529023438e-06
2.00	0.150	UB	27    	3.386890067783669e-06
2.00	0.150	UB	28    	2.184120071354406e-06
2.00	0.150	UB	29    	1.408597114765657e-06
2.00	0.150	UB	30    	9.085041897051772e-07
2.00	0.150	UB	31    	5.859933294244402e-07
2.00	0.150	UB	32    	3.779900686115306e-07
2.00	0.150	UB	33    	2.438299238983294e-07
2.00	0.150	UB	34    	1.572931767954238e-07
2.00	0.150	UB	35    	1.014721314361042e-07
2.00	0.150	UB	36    	6.546298050877517e-08
2.00	0.150	UB	37    	4.223331846888927e-08
2.00	0.150	UB	38    	2.724731176278018e-08
2.00	0.150	UB	39    	1.757923263218845e-08
2.00	0.150	UB	40    	1.134182416953671e-08
2.00	0.175	LB	1     	0.5011092622878137
2.00	0.175	LB	2     	0.2791037142413318
2.00	0.175	LB	3     	0.1756592092819919
2.00	0.175	LB	4     	0.1130338146308386
2.00	0.175	LB	5     	0.07275417375245896
2.00	0.175	LB	6     	0.04739366823482835
2.00	0.175	LB	7     	0.03125448796020572
2.00	0.175	LB	8     	0.02074958556951833
2.00	0.175	LB	9     	0.01383161376386794
2.00	0.175	LB	10    	0.009252194810903102
2.00	0.175	LB	11    	0.006206997389676306
2.00	0.175	LB	12    	0.004173526449944199
2.00	0.175	LB	13    	0.002811302366350242
2.00	0.175	LB	14    	0.001896533086425753
2.00	0.175	LB	15    	0.001281019985180233
2.00	0.175	LB	16    	0.0008661733268716266
2.00	0.175	LB	17    	0.0005861841447024125
2.00	0.175	LB	18    	0.0003969943518784755
2.00	0.175	LB	19    	0.0002690336686164041
2.00	0.175	LB	20    	0.0001824148766678484
2.00	0.175	LB	21    	0.000123740327628355
2.00	0.175	LB	22    	8.397139033374308e-05
2.00	0.175	LB	23    	5.700287650838723e-05
2.00	0.175	LB	24    	3.870682643128388e-05
2.00	0.175	LB	25    	2.628977247339216e-05
2.00	0.175	LB	26    	1.785994881973198e-05
2.00	0.175	LB	27    	1.213543852562704e-05
2.00	0.175	LB	28    	8.247116738890641e-06
2.00	0.175	LB	29    	5.605459342441913e-06
2.00	0.175	LB	30    	3.810438040959213e-06
2.00	0.175	LB	31    	2.590517434100547e-06
2.00	0.175	LB	32    	1.76132796277874e-06
2.00	0.175	LB	33    	1.197652911711922e-06
2.00	0.175	LB	34    	8.144310890495769e-07
2.00	0.175	LB	35    	5.538682692912011e-07
2.00	0.175	LB	36    	3.766899470095104e-07
2.00	0.175	LB	37    	2.562028879741299e-07
2.00	0.175	LB	38    	1.742624673806377e-07
2.00	0.175	LB	39    	1.185335396751706e-07
2.00	0.175	LB	40    	8.062953986143164e-08
2.00	0.175	UB	1     	0.5576421071520821
2.00	0.175	UB	2     	0.332157150066627
2.00	0.175	UB	3     	0.2179819711989893
2.00	0.175	UB	4     	0.1455141271656794
2.00	0.175	UB	5     	0.09773395784561204
2.00	0.175	UB	6     	0.0663556412402211
2.00	0.175	UB	7     	0.04540824733340356
2.00	0.175	UB	8     	0.03122186285950465
2.00	0.175	UB	9     	0.02154449164308942
2.00	0.175	UB	10    	0.01490991926018648
2.00	0.175	UB	11    	0.01034219468180306
2.00	0.175	UB	12    	0.007186976454553971
2.00	0.175	UB	13    	0.005001820005271196
2.00	0.175	UB	14    	0.003485325123741155
2.00	0.175	UB	15    	0.00243108405654022
2.00	0.175	UB	16    	0.001697166406846307
2.00	0.175	UB	17    	0.001185651969030721
2.00	0.175	UB	18    	0.0008288003687485893
2.00	0.175	UB	19    	0.0005796458772267711
2.00	0.175	UB	20    	0.0004055671372769734
2.00	0.175	UB	21    	0.0002838720051776943
2.00	0.175	UB	22    	0.0001987555480851693
2.00	0.175	UB	23    	0.0001391981855792728
2.00	0.175	UB	24    	9.751001763810173e-05
2.00	0.175	UB	25    	6.832072163757422e-05
2.00	0.175	UB	26    	4.787749976383239e-05
2.00	0.175	UB	27    	3.355646962144e-05
2.00	0.175	UB	28    	2.352221754841178e-05
2.00	0.175	UB	29    	1.649035805040446e-05
2.00	0.175	UB	30    	1.156179819592198e-05
2.00	0.175	UB	31    	8.106972145332535e-06
2.00	0.175	UB	32    	5.684931469998837e-06
2.00	0.175	UB	33    	3.986767733999374e-06
2.00	0.175	UB	34    	2.796032497567082e-06
2.00	0.175	UB	35    	1.961037814208162e-06
2.00	0.175	UB	36    	1.375464820276546e-06
2.00	0.175	UB	37    	9.647846983767283e-07
2.00	0.175	UB	38    	6.767474977905213e-07
2.00	0.175	UB	39    	4.747187981427988e-07
2.00	0.175	UB	40    	3.330106535982464e-07
2.00	0.200	LB	1     	0.5644729643246759
2.00	0.200	LB	2     	0.3491672872977136
2.00	0.200	LB	3     	0.2376710166341239
2.00	0.200	LB	4     	0.1652764030440798
2.00	0.200	LB	5     	0.115338379732261
2.00	0.200	LB	6     	0.08128902209339176
2.00	0.200	LB	7     	0.05786364428451529
2.00	0.200	LB	8     	0.04144555736697457
2.00	0.200	LB	9     	0.02980748483779901
2.00	0.200	LB	10    	0.02150877098292305
2.00	0.200	LB	11    	0.01556348959823696
2.00	0.200	LB	12    	0.01128668179223367
2.00	0.200	LB	13    	0.008199994519045557
2.00	0.200	LB	14    	0.005966489836566195
2.00	0.200	LB	15    	0.004346909229922404
2.00	0.200	LB	16    	0.003170402823990458
2.00	0.200	LB	17    	0.002314466288994756
2.00	0.200	LB	18    	0.001690955337447102
2.00	0.200	LB	19    	0.001236260891702924
2.00	0.200	LB	20    	0.0009043662482898563
2.00	0.200	LB	21    	0.0006619125121718417
2.00	0.200	LB	22    	0.0004846742071458784
2.00	0.200	LB	23    	0.0003550321502475089
2.00	0.200	LB	24    	0.0002601554334482927
2.00	0.200	LB	25    	0.0001906898394027202
2.00	0.200	LB	26    	0.0001398093258622752
2.00	0.200	LB	27    	0.0001025286590520553
2.00	0.200	LB	28    	7.520441702970937e-05
2.00	0.200	LB	29    	5.51721936372584e-05
2.00	0.200	LB	30    	4.0482484949132e-05
2.00	0.200	LB	31    	2.97082012333932e-05
2.00	0.200	LB	32    	2.180424480112671e-05
2.00	0.200	LB	33    	1.600498485112726e-05
2.00	0.200	LB	34    	1.174934728967194e-05
2.00	0.200	LB	35    	8.626046772186044e-06
2.00	0.200	LB	36    	6.333522809847725e-06
2.00	0.200	LB	37    	4.650617935986999e-06
2.00	0.200	LB	38    	3.415108546390465e-06
2.00	0.200	LB	39    	2.507979454766997e-06
2.00	0.200	LB	40    	1.841901685051128e-06
2.00	0.200	UB	1     	0.6148997776459965
2.00	0.200	UB	2     	0.4008141011346533
2.00	0.200	UB	3     	0.2825584593225229
2.00	0.200	UB	4     	0.2024207842367729
2.00	0.200	UB	5     	0.1459640337698146
2.00	0.200	UB	6     	0.1062370683848047
2.00	0.200	UB	7     	0.07786842985281489
2.00	0.200	UB	8     	0.05733578390209181
2.00	0.200	UB	9     	0.04236310171552589
2.00	0.200	UB	10    	0.0313881151384711
2.00	0.200	UB	11    	0.02330892282120803
2.00	0.200	UB	12    	0.0173410316062743
2.00	0.200	UB	13    	0.01292067468409121
2.00	0.200	UB	14    	0.009639278700375066
2.00	0.200	UB	15    	0.007198890794012101
2.00	0.200	UB	16    	0.00538117896758115
2.00	0.200	UB	17    	0.004025521165302628
2.00	0.200	UB	18    	0.003013365172823581
2.00	0.200	UB	19    	0.002256974035747037
2.00	0.200	UB	20    	0.001691270772335735
2.00	0.200	UB	21    	0.001267895257623609
2.00	0.200	UB	22    	0.0009508530755606715
2.00	0.200	UB	23    	0.0007133175941700695
2.00	0.200	UB	24    	0.000535272021559863
2.00	0.200	UB	25    	0.0004017660970072294
2.00	0.200	UB	26    	0.0003016242563035897
2.00	0.200	UB	27    	0.0002264864950467895
2.00	0.200	UB	28    	0.0001700950713191989
2.00	0.200	UB	29    	0.0001277632866084264
2.00	0.200	UB	30    	9.597938729114186e-05
2.00	0.200	UB	31    	7.211090872337324e-05
2.00	0.200	UB	32    	5.418379221185817e-05
2.00	0.200	UB	33    	4.071723503185599e-05
2.00	0.200	UB	34    	3.060012675559332e-05
2.00	0.200	UB	35    	2.299854508455463e-05
2.00	0.200	UB	36    	1.728646792674103e-05
2.00	0.200	UB	37    	1.29938513760326e-05
2.00	0.200	UB	38    	9.767705546015569e-06
2.00	0.200	UB	39    	7.342904181870433e-06
2.00	0.200	UB	40    	5.520287130340124e-06
2.00	0.225	LB	1     	0.6251570880308579
2.00	0.225	LB	2     	0.4225357590290669
2.00	0.225	LB	3     	0.3077815554438082
2.00	0.225	LB	4     	0.2286085629383551
2.00	0.225	LB	5     	0.1706868864374058
2.00	0.225	LB	6     	0.1285066779927497
2.00	0.225	LB	7     	0.09753907791438184
2.00	0.225	LB	8     	0.07444667510642454
2.00	0.225	LB	9     	0.05704239118284257
2.00	0.225	LB	10    	0.04384307257542172
2.00	0.225	LB	11    	0.03378513162247173
2.00	0.225	LB	12    	0.02608991191808302
2.00	0.225	LB	13    	0.02018294645196299
2.00	0.225	LB	14    	0.01563659605539153
2.00	0.225	LB	15    	0.0121297349024809
2.00	0.225	LB	16    	0.009419640337284298
2.00	0.225	LB	17    	0.007321948725571991
2.00	0.225	LB	18    	0.005696057068224947
2.00	0.225	LB	19    	0.004434367297184427
2.00	0.225	LB	20    	0.003454299144461038
2.00	0.225	LB	21    	0.002692316566072742
2.00	0.225	LB	22    	0.00209943230578081
2.00	0.225	LB	23    	0.001637807445756897
2.00	0.225	LB	24    	0.001278168127078298
2.00	0.225	LB	25    	0.0009978357670546449
2.00	0.225	LB	26    	0.0007792202343870214
2.00	0.225	LB	27    	0.0006086639565469336
2.00	0.225	LB	28    	0.0004755530855612483
2.00	0.225	LB	29    	0.0003716325870934444
2.00	0.225	LB	30    	0.0002904775048150939
2.00	0.225	LB	31    	0.0002270841404718001
2.00	0.225	LB	32    	0.0001775535151038023
2.00	0.225	LB	33    	0.000138845984011138
2.00	0.225	LB	34    	0.0001085908086066839
2.00	0.225	LB	35    	8.493823848274819e-05
2.00	0.225	LB	36    	6.644451891312799e-05
2.00	0.225	LB	37    	5.198242938757146e-05
2.00	0.225	LB	38    	4.067163946432077e-05
2.00	0.225	LB	39    	3.182446070178115e-05
2.00	0.225	LB	40    	2.490356930370287e-05
2.00	0.225	UB	1     	0.6694708506977168
2.00	0.225	UB	2     	0.4714444319296634
2.00	0.225	UB	3     	0.3534882579627618
2.00	0.225	UB	4     	0.2689490891464775
2.00	0.225	UB	5     	0.2059711038602554
2.00	0.225	UB	6     	0.1590002782723351
2.00	0.225	UB	7     	0.1235000510712891
2.00	0.225	UB	8     	0.09633154868803023
2.00	0.225	UB	9     	0.07538289974992332
2.00	0.225	UB	10    	0.05914508183991248
2.00	0.225	UB	11    	0.04650474280971964
2.00	0.225	UB	12    	0.03663071455069345
2.00	0.225	UB	13    	0.02889599496892188
2.00	0.225	UB	14    	0.02282310499002662
2.00	0.225	UB	15    	0.01804579782138222
2.00	0.225	UB	16    	0.01428156329417216
2.00	0.225	UB	17    	0.01131147336880784
2.00	0.225	UB	18    	0.008965218648759094
2.00	0.225	UB	19    	0.007109885829910185
2.00	0.225	UB	20    	0.005641466503552631
2.00	0.225	UB	21    	0.00447838523012318
2.00	0.225	UB	22    	0.003556536577716369
2.00	0.225	UB	23    	0.00282545978763417
2.00	0.225	UB	24    	0.002245377504936014
2.00	0.225	UB	25    	0.001784894957312077
2.00	0.225	UB	26    	0.00141920667068376
2.00	0.225	UB	27    	0.001128695004973588
2.00	0.225	UB	28    	0.0008978323650206298
2.00	0.225	UB	29    	0.0007143195651425863
2.00	0.225	UB	30    	0.000568408373188044
2.00	0.225	UB	31    	0.0004523680600718313
2.00	0.225	UB	32    	0.0003600647895659176
2.00	0.225	UB	33    	0.000286629595927577
2.00	0.225	UB	34    	0.0002281960249512652
2.00	0.225	UB	35    	0.0001816926364148344
2.00	0.225	UB	36    	0.0001446787662104263
2.00	0.225	UB	37    	0.0001152144382678456
2.00	0.225	UB	38    	9.175726155445948e-05
2.00	0.225	UB	39    	7.308066933166535e-05
2.00	0.225	UB	40    	5.820905094536305e-05
5.00	0.025	LB	1     	0.07924785143453086
5.00	0.025	LB	2     	0.007931208903945991
5.00	0.025	LB	3     	0.001813077631105583
5.00	0.025	LB	4     	0.0003266826843594199
5.00	0.025	LB	5     	4.990650222262104e-05
5.00	0.025	LB	6     	9.04812153616968e-06
5.00	0.025	LB	7     	1.735367417790203e-06
5.00	0.025	LB	8     	3.118762802084919e-07
5.00	0.025	LB	9     	5.590786995699767e-08
5.00	0.025	LB	10    	1.030003789108219e-08
5.00	0.025	LB	11    	1.893065371704513e-09
5.00	0.025	LB	12    	3.451090990838647e-10
5.00	0.025	LB	13    	6.311809425560434e-11
5.00	0.025	LB	14    	1.157771247711003e-11
5.00	0.025	LB	15    	2.120875258907901e-12
5.00	0.025	LB	16    	3.883004371611923e-13
5.00	0.025	LB	17    	7.114514530729043e-14
5.00	0.025	LB	18    	1.303754575792581e-14
5.00	0.025	LB	19    	2.38862039079775e-15
5.00	0.025	LB	20    	4.376344815583214e-16
5.00	0.025	LB	21    	8.019060358253887e-17
5.00	0.025	LB	22    	1.469371446262061e-17
5.00	0.025	LB	23    	2.692340613324159e-18
5.00	0.025	LB	24    	4.933285178317792e-19
5.00	0.025	LB	25    	9.039567917707368e-20
5.00	0.025	LB	26    	1.656370687831611e-20
5.00	0.025	LB	27    	3.035060346109102e-21
5.00	0.025	LB	28    	5.561331164917952e-22
5.00	0.025	LB	29    	1.019038584720762e-22
5.00	0.025	LB	30    	1.867249398618407e-23
5.00	0.025	LB	31    	3.421481866704414e-24
5.00	0.025	LB	32    	6.269406202356331e-25
5.00	0.025	LB	33    	1.148784575528216e-25
5.00	0.025	LB	34    	2.104993497235109e-26
5.00	0.025	LB	35    	3.857117943997288e-27
5.00	0.025	LB	36    	7.067649706466006e-28
5.00	0.025	LB	37    	1.295051318084464e-28
5.00	0.025	LB	38    	2.37300559646554e-29
5.00	0.025	LB	39    	4.348208186313161e-30
5.00	0.025	LB	40    	7.967492022026477e-31
5.00	0.025	UB	1     	0.2894888318132819
5.00	0.025	UB	2     	0.09472262489907896
5.00	0.025	UB	3     	0.03421243704604687
5.00	0.025	UB	4     	0.0126162062642542
5.00	0.025	UB	5     	0.004674259804800619
5.00	0.025	UB	6     	0.001734009910993159
5.00	0.025	UB	7     	0.0006435801657218274
5.00	0.025	UB	8     	0.0002389234776897916
5.00	0.025	UB	9     	8.870951667146911e-05
5.00	0.025	UB	10    	3.293902219065234e-05
5.00	0.025	UB	11    	1.22311314059522e-05
5.00	0.025	UB	12    	4.541829305621112e-06
5.00	0.025	UB	13    	1.68655073756352e-06
5.00	0.025	UB	14    	6.262826737007423e-07
5.00	0.025	UB	15    	2.325640967365036e-07
5.00	0.025	UB	16    	8.636059709207187e-08
5.00	0.025	UB	17    	3.206926302768388e-08
5.00	0.025	UB	18    	1.190864987347475e-08
5.00	0.025	UB	19    	4.422177639815276e-09
5.00	0.025	UB	20    	1.642138948212968e-09
5.00	0.025	UB	21    	6.097947090890115e-10
5.00	0.025	UB	22    	2.264422281600086e-10
5.00	0.025	UB	23    	8.408745281888627e-11
5.00	0.025	UB	24    	3.122518208815254e-11
5.00	0.025	UB	25    	1.159521391293389e-11
5.00	0.025	UB	26    	4.305787097950292e-12
5.00	0.025	UB	27    	1.5989185458839e-12
5.00	0.025	UB	28    	5.937452226312172e-13
5.00	0.025	UB	29    	2.204823944959538e-13
5.00	0.025	UB	30    	8.187431990187968e-14
5.00	0.025	UB	31    	3.040335386354184e-14
5.00	0.025	UB	32    	1.129003486496866e-14
5.00	0.025	UB	33    	4.192461391949602e-15
5.00	0.025	UB	34    	1.556835982678185e-15
5.00	0.025	UB	35    	5.781182103792629e-16
5.00	0.025	UB	36    	2.146794324472923e-16
5.00	0.025	UB	37    	7.971943780470452e-17
5.00	0.025	UB	38    	2.960315616389706e-17
5.00	0.025	UB	39    	1.099288804584988e-17
5.00	0.025	UB	40    	4.082118370069344e-18
5.00	0.050	LB	1     	0.1571298797963784
5.00	0.050	LB	2     	0.03051675101344982
5.00	0.050	LB	3     	0.009456622676127045
5.00	0.050	LB	4     	0.00281684923219917
5.00	0.050	LB	5     	0.0007728474817268986
5.00	0.050	LB	6     	0.0002242964987985011
5.00	0.050	LB	7     	6.815823192506197e-05
5.00	0.050	LB	8     	2.054879806408999e-05
5.00	0.050	LB	9     	6.159187386194687e-06
5.00	0.050	LB	10    	1.859096749079544e-06
5.00	0.050	LB	11    	5.635164479050583e-07
5.00	0.050	LB	12    	1.707609879910928e-07
5.00	0.050	LB	13    	5.175611313570088e-08
5.00	0.050	LB	14    	1.57039815966905e-08
5.00	0.050	LB	15    	4.767948153351217e-09
5.00	0.050	LB	16    	1.4478998415173e-09
5.00	0.050	LB	17    	4.397783681678598e-10
5.00	0.050	LB	18    	1.33605617122432e-10
5.00	0.050	LB	19    	4.05953359487726e-11
5.00	0.050	LB	20    	1.233569616858372e-11
5.00	0.050	LB	21    	3.748704125163958e-12
5.00	0.050	LB	22    	1.139261407616941e-12
5.00	0.050	LB	23    	3.462447252951566e-13
5.00	0.050	LB	24    	1.052338838137467e-13
5.00	0.050	LB	25    	3.198438070247843e-14
5.00	0.050	LB	26    	9.721381248543984e-15
5.00	0.050	LB	27    	2.954770403392408e-15
5.00	0.050	LB	28    	8.980982061717259e-16
5.00	0.050	LB	29    	2.729777454422297e-16
5.00	0.050	LB	30    	8.297231373865657e-17
5.00	0.050	LB	31    	2.521976822419267e-17
5.00	0.050	LB	32    	7.665675883796179e-18
5.00	0.050	LB	33    	2.330026917933974e-18
5.00	0.050	LB	34    	7.082266686759066e-19
5.00	0.050	LB	35    	2.152703673453832e-19
5.00	0.050	LB	36    	6.543297894659757e-20
5.00	0.050	LB	37    	1.988884009151269e-20
5.00	0.050	LB	38    	6.045363487183441e-21
5.00	0.050	LB	39    	1.837534371592084e-21
5.00	0.050	LB	40    	5.585325857037088e-22
5.00	0.050	UB	1     	0.3554622748852647
5.00	0.050	UB	2     	0.1399523744230804
5.00	0.050	UB	3     	0.06125037793746053
5.00	0.050	UB	4     	0.02725529134819173
5.00	0.050	UB	5     	0.0121809506921095
5.00	0.050	UB	6     	0.005458432218861449
5.00	0.050	UB	7     	0.002450007905120529
5.00	0.050	UB	8     	0.001100854582400958
5.00	0.050	UB	9     	0.0004949860189597994
5.00	0.050	UB	10    	0.0002226642844585111
5.00	0.050	UB	11    	0.0001001924393078152
5.00	0.050	UB	12    	4.509229049741321e-05
5.00	0.050	UB	13    	2.029664029878279e-05
5.00	0.050	UB	14    	9.136544333132073e-06
5.00	0.050	UB	15    	4.113045975218272e-06
5.00	0.050	UB	16    	1.851658727865687e-06
5.00	0.050	UB	17    	8.336213521467313e-07
5.00	0.050	UB	18    	3.753044512981336e-07
5.00	0.050	UB	19    	1.689675392021899e-07
5.00	0.050	UB	20    	7.607219969752461e-08
5.00	0.050	UB	21    	3.424922662230619e-08
5.00	0.050	UB	22    	1.541973724843293e-08
5.00	0.050	UB	23    	6.94231195839695e-09
5.00	0.050	UB	24    	3.125589321780752e-09
5.00	0.050	UB	25    	1.407213955384561e-09
5.00	0.050	UB	26    	6.335613008749615e-10
5.00	0.050	UB	27    	2.852445436872013e-10
5.00	0.050	UB	28    	1.284239967163452e-10
5.00	0.050	UB	29    	5.781960315508879e-11
5.00	0.050	UB	30    	2.603179357772708e-11
5.00	0.050	UB	31    	1.17201485915174e-11
5.00	0.050	UB	32    	5.276697178845572e-12
5.00	0.050	UB	33    	2.375698063639781e-12
5.00	0.050	UB	34    	1.069597375522949e-12
5.00	0.050	UB	35    	4.815589092746074e-13
5.00	0.050	UB	36    	2.168096065942721e-13
5.00	0.050	UB	37    	9.761299195612832e-14
5.00	0.050	UB	38    	4.394775862021379e-14
5.00	0.050	UB	39    	1.978635688835125e-14
5.00	0.050	UB	40    	8.90830231871362e-15
5.00	0.075	LB	1     	0.2334679600539606
5.00	0.075	LB	2     	0.06598081411326857
5.00	0.075	LB	3     	0.02547923550469378
5.00	0.075	LB	4     	0.009973218566406568
5.00	0.075	LB	5     	0.003748897131792987
5.00	0.075	LB	6     	0.001446641654791795
5.00	0.075	LB	7     	0.0005758581677071938
5.00	0.075	LB	8     	0.0002304755594171866
5.00	0.075	LB	9     	9.219825950658808e-05
5.00	0.075	LB	10    	3.700885397503976e-05
5.00	0.075	LB	11    	1.490799162384405e-05
5.00	0.075	LB	12    	6.014945069744452e-06
5.00	0.075	LB	13    	2.429076981916335e-06
5.00	0.075	LB	14    	9.818851710265252e-07
5.00	0.075	LB	15    	3.972189846093456e-07
5.00	0.075	LB	16    	1.607838265898519e-07
5.00	0.075	LB	17    	6.510761236026098e-08
5.00	0.075	LB	18    	2.637323442695915e-08
5.00	0.075	LB	19    	1.068580839658741e-08
5.00	0.075	LB	20    	4.330490628155934e-09
5.00	0.075	LB	21    	1.755225780108943e-09
5.00	0.075	LB	22    	7.115101167649284e-10
5.00	0.075	LB	23    	2.884499651428626e-10
5.00	0.075	LB	24    	1.169479295848582e-10
5.00	0.075	LB	25    	4.741769848443506e-11
5.00	0.075	LB	26    	1.922689053502546e-11
5.00	0.075	LB	27    	7.796400618471332e-12
5.00	0.075	LB	28    	3.161494672758347e-12
5.00	0.075	LB	29    	1.282039345586498e-12
5.00	0.075	LB	30    	5.198987340835443e-13
5.00	0.075	LB	31    	2.108351447537356e-13
5.00	0.075	LB	32    	8.550130797292739e-14
5.00	0.075	LB	33    	3.467423955585346e-14
5.00	0.075	LB	34    	1.406192268684888e-14
5.00	0.075	LB	35    	5.702763285370955e-15
5.00	0.075	LB	36    	2.312747916261991e-15
5.00	0.075	LB	37    	9.379357827289917e-16
5.00	0.075	LB	38    	3.803814970363784e-16
5.00	0.075	LB	39    	1.542647912951904e-16
5.00	0.075	LB	40    	6.256264957558836e-17
5.00	0.075	UB	1     	0.419036734087967
5.00	0.075	UB	2     	0.1917797359501768
5.00	0.075	UB	3     	0.09711073699267732
5.00	0.075	UB	4     	0.04991661028313751
5.00	0.075	UB	5     	0.02578745894137022
5.00	0.075	UB	6     	0.0133788614434751
5.00	0.075	UB	7     	0.006960418292173305
5.00	0.075	UB	8     	0.003628059964208462
5.00	0.075	UB	9     	0.001893627205122284
5.00	0.075	UB	10    	0.0009892925658791041
5.00	0.075	UB	11    	0.0005171856002707653
5.00	0.075	UB	12    	0.000270505785100911
5.00	0.075	UB	13    	0.0001415326415864669
5.00	0.075	UB	14    	7.407045412605456e-05
5.00	0.075	UB	15    	3.877144876150836e-05
5.00	0.075	UB	16    	2.029720950641712e-05
5.00	0.075	UB	17    	1.062680021812694e-05
5.00	0.075	UB	18    	5.564157385578598e-06
5.00	0.075	UB	19    	2.913525855864572e-06
5.00	0.075	UB	20    	1.525650280860151e-06
5.00	0.075	UB	21    	7.989202115734966e-07
5.00	0.075	UB	22    	4.183703782402497e-07
5.00	0.075	UB	23    	2.190913337316161e-07
5.00	0.075	UB	24    	1.147346212451816e-07
5.00	0.075	UB	25    	6.008519912931801e-08
5.00	0.075	UB	26    	3.146612784753557e-08
5.00	0.075	UB	27    	1.647863271324e-08
5.00	0.075	UB	28    	8.629797260235041e-09
5.00	0.075	UB	29    	4.519404032000516e-09
5.00	0.075	UB	30    	2.366805718289e-09
5.00	0.075	UB	31    	1.239494770825103e-09
5.00	0.075	UB	32    	6.491234123074513e-10
5.00	0.075	UB	33    	3.399462163427973e-10
5.00	0.075	UB	34    	1.780300948499344e-10
5.00	0.075	UB	35    	9.323454154519253e-11
5.00	0.075	UB	36    	4.88270414376806e-11
5.00	0.075	UB	37    	2.557078708217132e-11
5.00	0.075	UB	38    	1.339145816883811e-11
5.00	0.075	UB	39    	7.013127062268773e-12
5.00	0.075	UB	40    	3.67278575208963e-12
5.00	0.100	LB	1     	0.3080693835083719
5.00	0.100	LB	2     	0.1125915515503317
5.00	0.100	LB	3     	0.05152018172780808
5.00	0.100	LB	4     	0.02429341594366724
5.00	0.100	LB	5     	0.01125204182584946
5.00	0.100	LB	6     	0.005294632505914425
5.00	0.100	LB	7     	0.002546281132296563
5.00	0.100	LB	8     	0.001235102232343317
5.00	0.100	LB	9     	0.0006007086945493003
5.00	0.100	LB	10    	0.0002930650290679914
5.00	0.100	LB	11    	0.0001434200241234917
5.00	0.100	LB	12    	7.033601512983753e-05
5.00	0.100	LB	13    	3.454350039235799e-05
5.00	0.100	LB	14    	1.698461654734188e-05
5.00	0.100	LB	15    	8.359171403841945e-06
5.00	0.100	LB	16    	4.117196944865098e-06
5.00	0.100	LB	17    	2.029077643544851e-06
5.00	0.100	LB	18    	1.000465260298803e-06
5.00	0.100	LB	19    	4.934824306983518e-07
5.00	0.100	LB	20    	2.434866902820727e-07
5.00	0.100	LB	21    	1.201673744330667e-07
5.00	0.100	LB	22    	5.9317833082214e-08
5.00	0.100	LB	23    	2.928567012298384e-08
5.00	0.100	LB	24    	1.446049884575329e-08
5.00	0.100	LB	25    	7.141002058394043e-09
5.00	0.100	LB	26    	3.526747552756268e-09
5.00	0.100	LB	27    	1.741895376289991e-09
5.00	0.100	LB	28    	8.603925471617849e-10
5.00	0.100	LB	29    	4.250044782859456e-10
5.00	0.100	LB	30    	2.099466231766856e-10
5.00	0.100	LB	31    	1.0371455134303e-10
5.00	0.100	LB	32    	5.123695767644361e-11
5.00	0.100	LB	33    	2.53126544408083e-11
5.00	0.100	LB	34    	1.250549809293656e-11
5.00	0.100	LB	35    	6.178339615874244e-12
5.00	0.100	LB	36    	3.052451791973857e-12
5.00	0.100	LB	37    	1.508103259190206e-12
5.00	0.100	LB	38    	7.45105398943916e-13
5.00	0.100	LB	39    	3.681357397160323e-13
5.00	0.100	LB	40    	1.818868396561398e-13
5.00	0.100	UB	1     	0.4801450715754254
5.00	0.100	UB	2     	0.2489919748299587
5.00	0.100	UB	3     	0.1414780144525963
5.00	0.100	UB	4     	0.08154933273377764
5.00	0.100	UB	5     	0.04727399096703861
5.00	0.100	UB	6     	0.02754904605544578
5.00	0.100	UB	7     	0.01611108596934659
5.00	0.100	UB	8     	0.009445343867061414
5.00	0.100	UB	9     	0.005547611748857728
5.00	0.100	UB	10    	0.003262762684389559
5.00	0.100	UB	11    	0.001920909455772024
5.00	0.100	UB	12    	0.00113177869528645
5.00	0.100	UB	13    	0.0006672198929126881
5.00	0.100	UB	14    	0.0003935223293459742
5.00	0.100	UB	15    	0.0002321761987217628
5.00	0.100	UB	16    	0.0001370187278895928
5.00	0.100	UB	17    	8.087797029501684e-05
5.00	0.100	UB	18    	4.77473087103321e-05
5.00	0.100	UB	19    	2.819166644998639e-05
5.00	0.100	UB	20    	1.664692903279605e-05
5.00	0.100	UB	21    	9.830599707756061e-06
5.00	0.100	UB	22    	5.805657326366358e-06
5.00	0.100	UB	23    	3.428805378331033e-06
5.00	0.100	UB	24    	2.025116754901686e-06
5.00	0.100	UB	25    	1.196106262522018e-06
5.00	0.100	UB	26    	7.064790947426947e-07
5.00	0.100	UB	27    	4.172887408420394e-07
5.00	0.100	UB	28    	2.464791582783628e-07
5.00	0.100	UB	29    	1.455890277145158e-07
5.00	0.100	UB	30    	8.599654223362781e-08
5.00	0.100	UB	31    	5.079680951098598e-08
5.00	0.100	UB	32    	3.000504982062983e-08
5.00	0.100	UB	33    	1.77236937684587e-08
5.00	0.100	UB	34    	1.046925296143402e-08
5.00	0.100	UB	35    	6.18412704340852e-09
5.00	0.100	UB	36    	3.652936423407774e-09
5.00	0.100	UB	37    	2.157777324671315e-09
5.00	0.100	UB	38    	1.274593725867361e-09
5.00	0.100	UB	39    	7.529002477987004e-10
5.00	0.100	UB	40    	4.447372578381615e-10
5.00	0.125	LB	1     	0.3807246025828066
5.00	0.125	LB	2     	0.1686549180094893
5.00	0.125	LB	3     	0.08842513980943971
5.00	0.125	LB	4     	0.04796230588690277
5.00	0.125	LB	5     	0.02587851024731773
5.00	0.125	LB	6     	0.01412602331002936
5.00	0.125	LB	7     	0.007836034715699471
5.00	0.125	LB	8     	0.004385277798766535
5.00	0.125	LB	9     	0.002464358464286898
5.00	0.125	LB	10    	0.001389447500682074
5.00	0.125	LB	11    	0.0007857188629195065
5.00	0.125	LB	12    	0.0004453369839746288
5.00	0.125	LB	13    	0.0002528439983255934
5.00	0.125	LB	14    	0.0001437490001572553
5.00	0.125	LB	15    	8.181654150881589e-05
5.00	0.125	LB	16    	4.660943898099782e-05
5.00	0.125	LB	17    	2.657231811123506e-05
5.00	0.125	LB	18    	1.515825360774754e-05
5.00	0.125	LB	19    	8.651401738461276e-06
5.00	0.125	LB	20    	4.939734768437428e-06
5.00	0.125	LB	21    	2.821433505674234e-06
5.00	0.125	LB	22    	1.611981166169808e-06
5.00	0.125	LB	23    	9.21199343588726e-07
5.00	0.125	LB	24    	5.265432434304355e-07
5.00	0.125	LB	25    	3.010145218575905e-07
5.00	0.125	LB	26    	1.721085413047468e-07
5.00	0.125	LB	27    	9.841685795638324e-08
5.00	0.125	LB	28    	5.628345593268644e-08
5.00	0.125	LB	29    	3.219063778066657e-08
5.00	0.125	LB	30    	1.841240004102785e-08
5.00	0.125	LB	31    	1.05321860748809e-08
5.00	0.125	LB	32    	6.024901831272248e-09
5.00	0.125	LB	33    	3.446683401919692e-09
5.00	0.125	LB	34    	1.971832038717998e-09
5.00	0.125	LB	35    	1.128114342341171e-09
5.00	0.125	LB	36    	6.454296660678282e-10
5.00	0.125	LB	37    	3.692797999363128e-10
5.00	0.125	LB	38    	2.112863720373752e-10
5.00	0.125	LB	39    	1.208914031080227e-10
5.00	0.125	LB	40    	6.917134512022216e-11
5.00	0.125	UB	1     	0.5387092807398384
5.00	0.125	UB	2     	0.3104195659841991
5.00	0.125	UB	3     	0.1937649371532938
5.00	0.125	UB	4     	0.1226363866166609
5.00	0.125	UB	5     	0.07809369695486183
5.00	0.125	UB	6     	0.05001390609226757
5.00	0.125	UB	7     	0.03215706452620461
5.00	0.125	UB	8     	0.02073407978487921
5.00	0.125	UB	9     	0.01339752094031251
5.00	0.125	UB	10    	0.008671222507355662
5.00	0.125	UB	11    	0.005619409868979239
5.00	0.125	UB	12    	0.003645308876526795
5.00	0.125	UB	13    	0.002366567816327385
5.00	0.125	UB	14    	0.00153735293069917
5.00	0.125	UB	15    	0.0009991786322255441
5.00	0.125	UB	16    	0.0006496577174501395
5.00	0.125	UB	17    	0.0004225364162058104
5.00	0.125	UB	18    	0.0002748875175817947
5.00	0.125	UB	19    	0.0001788693675879922
5.00	0.125	UB	20    	0.0001164099310436027
5.00	0.125	UB	21    	7.577110083836608e-05
5.00	0.125	UB	22    	4.932484384149292e-05
5.00	0.125	UB	23    	3.211201500898041e-05
5.00	0.125	UB	24    	2.090749269228761e-05
5.00	0.125	UB	25    	1.361328975782429e-05
5.00	0.125	UB	26    	8.864336314345029e-06
5.00	0.125	UB	27    	5.772281395371554e-06
5.00	0.125	UB	28    	3.758925621524075e-06
5.00	0.125	UB	29    	2.447892508364144e-06
5.00	0.125	UB	30    	1.594157384822575e-06
5.00	0.125	UB	31    	1.038194047823978e-06
5.00	0.125	UB	32    	6.761342179434528e-07
5.00	0.125	UB	33    	4.40345075746906e-07
5.00	0.125	UB	34    	2.867861901397008e-07
5.00	0.125	UB	35    	1.867787094477793e-07
5.00	0.125	UB	36    	1.216465719842484e-07
5.00	0.125	UB	37    	7.92273604934016e-08
5.00	0.125	UB	38    	5.160037307239512e-08
5.00	0.125	UB	39    	3.360720926607174e-08
5.00	0.125	UB	40    	2.188838359306868e-08
5.00	0.150	LB	1     	0.4512045894455731
5.00	0.150	LB	2     	0.2325076819545217
5.00	0.150	LB	3     	0.1363495506378445
5.00	0.150	LB	4     	0.08263969698054791
5.00	0.150	LB	5     	0.0501755320339879
5.00	0.150	LB	6     	0.03076032423283841
5.00	0.150	LB	7     	0.01909430923072363
5.00	0.150	LB	8     	0.01194953884562584
5.00	0.150	LB	9     	0.007513284163346725
5.00	0.150	LB	10    	0.004740355894568032
5.00	0.150	LB	11    	0.002999546158229834
5.00	0.150	LB	12    	0.001902471422844619
5.00	0.150	LB	13    	0.001208875436954967
5.00	0.150	LB	14    	0.0007692907610745669
5.00	0.150	LB	15    	0.0004901546848538872
5.00	0.150	LB	16    	0.0003126225449050092
5.00	0.150	LB	17    	0.0001995621282289761
5.00	0.150	LB	18    	0.0001274811957631451
5.00	0.150	LB	19    	8.148446569801134e-05
5.00	0.150	LB	20    	5.211028705326283e-05
5.00	0.150	LB	21    	3.333943930012349e-05
5.00	0.150	LB	22    	2.133787857515474e-05
5.00	0.150	LB	23    	1.366088825547731e-05
5.00	0.150	LB	24    	8.74826362332197e-06
5.00	0.150	LB	25    	5.603554802890336e-06
5.00	0.150	LB	26    	3.589966708539853e-06
5.00	0.150	LB	27    	2.300332300817358e-06
5.00	0.150	LB	28    	1.474192431948222e-06
5.00	0.150	LB	29    	9.448715383557545e-07
5.00	0.150	LB	30    	6.056742601224519e-07
5.00	0.150	LB	31    	3.882817910423785e-07
5.00	0.150	LB	32    	2.489379734083087e-07
5.00	0.150	LB	33    	1.596124959215877e-07
5.00	0.150	LB	34    	1.023458554143891e-07
5.00	0.150	LB	35    	6.562930621431447e-08
5.00	0.150	LB	36    	4.208686254575463e-08
5.00	0.150	LB	37    	2.699068257593975e-08
5.00	0.150	LB	38    	1.731001673952515e-08
5.00	0.150	LB	39    	1.110185177885515e-08
5.00	0.150	LB	40    	7.12042534809224e-09
5.00	0.150	UB	1     	0.59463887235617
5.00	0.150	UB	2     	0.374930875106632
5.00	0.150	UB	3     	0.2531471133786498
5.00	0.150	UB	4     	0.1731981180149076
5.00	0.150	UB	5     	0.1192435258870878
5.00	0.150	UB	6     	0.08257104882924175
5.00	0.150	UB	7     	0.05741047815179001
5.00	0.150	UB	8     	0.04003525126291143
5.00	0.150	UB	9     	0.02798297144072557
5.00	0.150	UB	10    	0.01959443906763059
5.00	0.150	UB	11    	0.01374034272450166
5.00	0.150	UB	12    	0.0096463767344697
5.00	0.150	UB	13    	0.006778548586154161
5.00	0.150	UB	14    	0.004766937729298293
5.00	0.150	UB	15    	0.003354382110410433
5.00	0.150	UB	16    	0.002361608451645074
5.00	0.150	UB	17    	0.00166336252494612
5.00	0.150	UB	18    	0.001171974777577181
5.00	0.150	UB	19    	0.0008259931144182579
5.00	0.150	UB	20    	0.0005822915599771858
5.00	0.150	UB	21    	0.0004105757315257896
5.00	0.150	UB	22    	0.0002895479972103502
5.00	0.150	UB	23    	0.0002042257932329094
5.00	0.150	UB	24    	0.0001440633670352188
5.00	0.150	UB	25    	0.0001016345343311158
5.00	0.150	UB	26    	7.17078954378096e-05
5.00	0.150	UB	27    	5.059700953996776e-05
5.00	0.150	UB	28    	3.570344278776376e-05
5.00	0.150	UB	29    	2.519524878007422e-05
5.00	0.150	UB	30    	1.778062736919621e-05
5.00	0.150	UB	31    	1.254851918497492e-05
5.00	0.150	UB	32    	8.856301304610784e-06
5.00	0.150	UB	33    	6.250643106381493e-06
5.00	0.150	UB	34    	4.411717124835342e-06
5.00	0.150	UB	35    	3.113864679045288e-06
5.00	0.150	UB	36    	2.197858063758823e-06
5.00	0.150	UB	37    	1.551337451407559e-06
5.00	0.150	UB	38    	1.095011539944224e-06
5.00	0.150	UB	39    	7.729227539485838e-07
5.00	0.150	UB	40    	5.455791631579251e-07
5.00	0.175	LB	1     	0.5192577240342059
5.00	0.175	LB	2     	0.3025094581553928
5.00	0.175	LB	3     	0.1948500143559774
5.00	0.175	LB	4     	0.1293245728577933
5.00	0.175	LB	5     	0.08630764728489197
5.00	0.175	LB	6     	0.05809273746433371
5.00	0.175	LB	7     	0.03949410735911511
5.00	0.175	LB	8     	0.02704461956380899
5.00	0.175	LB	9     	0.01860636440619953
5.00	0.175	LB	10    	0.01284539473846012
5.00	0.175	LB	11    	0.008893330003016895
5.00	0.175	LB	12    	0.006171469100687278
5.00	0.175	LB	13    	0.004290718425425368
5.00	0.175	LB	14    	0.002987743160636115
5.00	0.175	LB	15    	0.002083138582282578
5.00	0.175	LB	16    	0.001454009320115314
5.00	0.175	LB	17    	0.001015823731422066
5.00	0.175	LB	18    	0.0007102511530646609
5.00	0.175	LB	19    	0.0004969335428111952
5.00	0.175	LB	20    	0.0003478851879760415
5.00	0.175	LB	21    	0.0002436631949223155
5.00	0.175	LB	22    	0.0001707382641534765
5.00	0.175	LB	23    	0.0001196833677223675
5.00	0.175	LB	24    	8.392234126765369e-05
5.00	0.175	LB	25    	5.886324473358548e-05
5.00	0.175	LB	26    	4.129697067637976e-05
5.00	0.175	LB	27    	2.897919639186055e-05
5.00	0.175	LB	28    	2.033935672200901e-05
5.00	0.175	LB	29    	1.427778872836234e-05
5.00	0.175	LB	30    	1.002418306631698e-05
5.00	0.175	LB	31    	7.038723012215911e-06
5.00	0.175	LB	32    	4.942982864500153e-06
5.00	0.175	LB	33    	3.471594466343281e-06
5.00	0.175	LB	34    	2.438420106935598e-06
5.00	0.175	LB	35    	1.71286583364667e-06
5.00	0.175	LB	36    	1.203287953263819e-06
5.00	0.175	LB	37    	8.453640682257672e-07
5.00	0.175	LB	38    	5.939405472583429e-07
5.00	0.175	LB	39    	4.173154508148817e-07
5.00	0.175	LB	40    	2.932282965575179e-07
5.00	0.175	UB	1     	0.6478289797550169
5.00	0.175	UB	2     	0.4414263170804972
5.00	0.175	UB	3     	0.3185936781106813
5.00	0.175	UB	4     	0.2328066806924208
5.00	0.175	UB	5     	0.1711748421692158
5.00	0.175	UB	6     	0.1265588299075746
5.00	0.175	UB	7     	0.09394798337025664
5.00	0.175	UB	8     	0.06994739224985841
5.00	0.175	UB	9     	0.05219995855265788
5.00	0.175	UB	10    	0.03902856210494636
5.00	0.175	UB	11    	0.02922498049204522
5.00	0.175	UB	12    	0.02191117194722425
5.00	0.175	UB	13    	0.01644457142035073
5.00	0.175	UB	14    	0.01235235904083162
5.00	0.175	UB	15    	0.009285108254304564
5.00	0.175	UB	16    	0.006983680490205354
5.00	0.175	UB	17    	0.005255349092399628
5.00	0.175	UB	18    	0.003956445208427902
5.00	0.175	UB	19    	0.002979664402937593
5.00	0.175	UB	20    	0.002244734509747657
5.00	0.175	UB	21    	0.001691525735412845
5.00	0.175	UB	22    	0.001274946201673741
5.00	0.175	UB	23    	0.0009611493766979383
5.00	0.175	UB	24    	0.0007247094917977432
5.00	0.175	UB	25    	0.0005465136836157537
5.00	0.175	UB	26    	0.0004121863642235815
5.00	0.175	UB	27    	0.000310909775483186
5.00	0.175	UB	28    	0.0002345400601404546
5.00	0.175	UB	29    	0.0001769441396672419
5.00	0.175	UB	30    	0.0001335018157409407
5.00	0.175	UB	31    	0.0001007316559521065
5.00	0.175	UB	32    	7.600971445092931e-05
5.00	0.175	UB	33    	5.735793825578422e-05
5.00	0.175	UB	34    	4.32849221349666e-05
5.00	0.175	UB	35    	3.266601380527066e-05
5.00	0.175	UB	36    	2.46530151629891e-05
5.00	0.175	UB	37    	1.860615384652386e-05
5.00	0.175	UB	38    	1.404281962234315e-05
5.00	0.175	UB	39    	1.059892561017215e-05
5.00	0.175	UB	40    	7.999779636561628e-06
5.00	0.200	LB	1     	0.5846061060198962
5.00	0.200	LB	2     	0.3770335597031811
5.00	0.200	LB	3     	0.262964089942909
5.00	0.200	LB	4     	0.1882794083572539
5.00	0.200	LB	5     	0.1357818245023477
5.00	0.200	LB	6     	0.0986750774927377
5.00	0.200	LB	7     	0.07229800207659376
5.00	0.200	LB	8     	0.05330583316432966
5.00	0.200	LB	9     	0.03947621542997847
5.00	0.200	LB	10    	0.02933197759940711
5.00	0.200	LB	11    	0.02185350466040496
5.00	0.200	LB	12    	0.01631812545673716
5.00	0.200	LB	13    	0.01220735940377412
5.00	0.200	LB	14    	0.009146263940162184
5.00	0.200	LB	15    	0.006861725170799165
5.00	0.200	LB	16    	0.005153566685383896
5.00	0.200	LB	17    	0.00387435509654153
5.00	0.200	LB	18    	0.002915083938939602
5.00	0.200	LB	19    	0.00219490155121147
5.00	0.200	LB	20    	0.001653678009088911
5.00	0.200	LB	21    	0.001246592227746735
5.00	0.200	LB	22    	0.0009401693350741746
5.00	0.200	LB	23    	0.0007093666807650198
5.00	0.200	LB	24    	0.0005354228162905977
5.00	0.200	LB	25    	0.000404264545694794
5.00	0.200	LB	26    	0.0003053239937625203
5.00	0.200	LB	27    	0.0002306580593586507
5.00	0.200	LB	28    	0.0001742916058045854
5.00	0.200	LB	29    	0.0001317266651509954
5.00	0.200	LB	30    	9.957512793458015e-05
5.00	0.200	LB	31    	7.528348006566713e-05
5.00	0.200	LB	32    	5.692627902276599e-05
5.00	0.200	LB	33    	4.305104570036601e-05
5.00	0.200	LB	34    	3.256166775785491e-05
5.00	0.200	LB	35    	2.463068400629931e-05
5.00	0.200	LB	36    	1.863325062030766e-05
5.00	0.200	LB	37    	1.409739965229118e-05
5.00	0.200	LB	38    	1.066655001570959e-05
5.00	0.200	LB	39    	8.071239447376916e-06
5.00	0.200	LB	40    	6.107800414338622e-06
5.00	0.200	UB	1     	0.6981581182308129
5.00	0.200	UB	2     	0.5088318681905889
5.00	0.200	UB	3     	0.3888938855530411
5.00	0.200	UB	4     	0.3006083530480121
5.00	0.200	UB	5     	0.233739480738562
5.00	0.200	UB	6     	0.1826839354957573
5.00	0.200	UB	7     	0.1433240231011832
5.00	0.200	UB	8     	0.1127659024580811
5.00	0.200	UB	9     	0.08892491907105493
5.00	0.200	UB	10    	0.0702541155395644
5.00	0.200	UB	11    	0.05558794077947218
5.00	0.200	UB	12    	0.04403915337339293
5.00	0.200	UB	13    	0.03492679085512586
5.00	0.200	UB	14    	0.02772480515496064
5.00	0.200	UB	15    	0.02202471003093189
5.00	0.200	UB	16    	0.01750796849056071
5.00	0.200	UB	17    	0.01392532216007916
5.00	0.200	UB	18    	0.01108116085801533
5.00	0.200	UB	19    	0.008821605289045752
5.00	0.200	UB	20    	0.007025358426370498
5.00	0.200	UB	21    	0.005596642244706795
5.00	0.200	UB	22    	0.004459718398534103
5.00	0.200	UB	23    	0.003554620551788356
5.00	0.200	UB	24    	0.002833819132773309
5.00	0.200	UB	25    	0.002259607282743879
5.00	0.200	UB	26    	0.001802047026306477
5.00	0.200	UB	27    	0.001437352220213393
5.00	0.200	UB	28    	0.001146613106092223
5.00	0.200	UB	29    	0.0009147887490398933
5.00	0.200	UB	30    	0.0007299100369035834
5.00	0.200	UB	31    	0.0005824485107424047
5.00	0.200	UB	32    	0.0004648160226527669
5.00	0.200	UB	33    	0.0003709677587739172
5.00	0.200	UB	34    	0.0002960870348961484
5.00	0.200	UB	35    	0.0002363348549674017
5.00	0.200	UB	36    	0.0001886508109299539
5.00	0.200	UB	37    	0.0001505947183932437
5.00	0.200	UB	38    	0.0001202205974144924
5.00	0.200	UB	39    	9.59763526869986e-05
5.00	0.200	UB	40    	7.662388454167434e-05
5.00	0.225	LB	1     	0.6469411545228856
5.00	0.225	LB	2     	0.4544564101682644
5.00	0.225	LB	3     	0.3392787414853888
5.00	0.225	LB	4     	0.2590002550494748
5.00	0.225	LB	5     	0.199240683427562
5.00	0.225	LB	6     	0.1543212657874605
5.00	0.225	LB	7     	0.1203405451734248
5.00	0.225	LB	8     	0.09434864270989105
5.00	0.225	LB	9     	0.07426567953971454
5.00	0.225	LB	10    	0.05863778605884635
5.00	0.225	LB	11    	0.04641485331777
5.00	0.225	LB	12    	0.03681662992815916
5.00	0.225	LB	13    	0.02925451819391145
5.00	0.225	LB	14    	0.02328024018779325
5.00	0.225	LB	15    	0.01854961330128107
5.00	0.225	LB	16    	0.01479653273169936
5.00	0.225	LB	17    	0.01181409555225644
5.00	0.225	LB	18    	0.009440698230723613
5.00	0.225	LB	19    	0.007549645102806035
5.00	0.225	LB	20    	0.006041293084499609
5.00	0.225	LB	21    	0.00483706298405268
5.00	0.225	LB	22    	0.003874842279651818
5.00	0.225	LB	23    	0.003105435388408624
5.00	0.225	LB	24    	0.002489809066619716
5.00	0.225	LB	25    	0.00199694569783892
5.00	0.225	LB	26    	0.001602164146995158
5.00	0.225	LB	27    	0.001285802125816446
5.00	0.225	LB	28    	0.001032179337029492
5.00	0.225	LB	29    	0.0008287795597634614
5.00	0.225	LB	30    	0.0006656040532440243
5.00	0.225	LB	31    	0.0005346594261864642
5.00	0.225	LB	32    	0.0004295513320205635
5.00	0.225	LB	33    	0.0003451616483646435
5.00	0.225	LB	34    	0.0002773916540037056
5.00	0.225	LB	35    	0.0002229574759599665
5.00	0.225	LB	36    	0.0001792270021737553
5.00	0.225	LB	37    	0.0001440897361988464
5.00	0.225	LB	38    	0.0001158528559427132
5.00	0.225	LB	39    	9.315814039457789e-05
5.00	0.225	LB	40    	7.491553173507457e-05
5.00	0.225	UB	1     	0.7454855128818613
5.00	0.225	UB	2     	0.5760917707612362
5.00	0.225	UB	3     	0.4626795484457228
5.00	0.225	UB	4     	0.3753511736781257
5.00	0.225	UB	5     	0.3061662860602354
5.00	0.225	UB	6     	0.2508953021425275
5.00	0.225	UB	7     	0.2063190162758711
5.00	0.225	UB	8     	0.1701134573739602
5.00	0.225	UB	9     	0.1405607432298474
5.00	0.225	UB	10    	0.1163458782076725
5.00	0.225	UB	11    	0.09644346001324078
5.00	0.225	UB	12    	0.08004419091859966
5.00	0.225	UB	13    	0.06650317640489956
5.00	0.225	UB	14    	0.05530260301923103
5.00	0.225	UB	15    	0.04602415628400311
5.00	0.225	UB	16    	0.03832821360292706
5.00	0.225	UB	17    	0.03193789797377812
5.00	0.225	UB	18    	0.02662670155679152
5.00	0.225	UB	19    	0.02220877880444745
5.00	0.225	UB	20    	0.01853126625407909
5.00	0.225	UB	21    	0.01546816068712328
5.00	0.225	UB	22    	0.01291540866016465
5.00	0.225	UB	23    	0.01078694648959464
5.00	0.225	UB	24    	0.009011491979097983
5.00	0.225	UB	25    	0.007529934859596581
5.00	0.225	UB	26    	0.006293206934008987
5.00	0.225	UB	27    	0.005260538581509636
5.00	0.225	UB	28    	0.004398027851994507
5.00	0.225	UB	29    	0.003677463465959401
5.00	0.225	UB	30    	0.00307535476350876
5.00	0.225	UB	31    	0.002572130838763504
5.00	0.225	UB	32    	0.002151478352451013
5.00	0.225	UB	33    	0.001799793280162672
5.00	0.225	UB	34    	0.001505726459268141
5.00	0.225	UB	35    	0.001259806495379589
5.00	0.225	UB	36    	0.001054126571691726
5.00	0.225	UB	37    	0.000882084119462339
5.00	0.225	UB	38    	0.0007381642702236062
5.00	0.225	UB	39    	0.0006177596098560705
5.00	0.225	UB	40    	0.0005170200621206486
